time,open,high,low,close,volume
1743033600000,14.46,15.16,14.04,14.63,315486.3
1743120000000,14.63,14.94,13.04,13.42,384326.2
1743206400000,13.42,13.61,12.38,12.81,238086.8
1743292800000,12.81,13.01,12.19,12.49,168938.3
1743379200000,12.49,13.49,12.18,13.03,238384.0
1743465600000,13.03,13.95,12.97,13.34,194467.5
1743552000000,13.34,14.47,11.7,11.78,265288.2
1743638400000,11.78,12.62,11.06,11.71,422294.6
1743724800000,11.71,12.4,11.09,11.91,323646.5
1743811200000,11.91,12.23,11.45,12.06,182430.6
1743897600000,12.06,12.11,10.05,10.28,371075.1
1743984000000,10.28,11.95,9.35,11.49,526033.2
1744070400000,11.49,12.65,10.75,11.25,359985.1
1744156800000,11.25,14.44,11.13,13.61,720363.2
1744243200000,13.61,14.54,13.13,14.19,391381.5
1744329600000,14.19,16.02,13.79,15.7,432396.6
1744416000000,15.7,16.85,15.13,16.36,433070.0
1744502400000,16.36,16.87,15.01,15.42,452231.6
1744588800000,15.42,16.37,15.32,15.75,333181.1
1744675200000,15.75,16.64,15.03,15.06,323805.7
1744761600000,15.06,16.29,14.66,15.78,328903.7
1744848000000,15.78,17.26,15.43,17.16,485435.9
1744934400000,17.16,17.46,16.34,17.1,333512.7
1745020800000,17.1,18.27,16.7,18.11,406027.7
1745107200000,18.11,18.51,17.15,17.63,263945.9
1745193600000,17.63,18.49,17.25,18.23,318128.2
1745280000000,18.23,19.31,17.86,19.22,403727.6
1745366400000,19.22,19.27,18.09,18.49,310073.6
1745452800000,18.49,19.04,17.73,18.81,241767.4
1745539200000,18.81,19.22,18.17,18.43,259013.5
1745625600000,18.43,18.47,17.47,17.95,182428.4
1745712000000,17.95,18.26,17.34,17.4,110467.1
1745798400000,17.4,18.78,16.92,18.69,201859.3
1745884800000,18.69,19.17,18.17,18.62,172307.9
1745971200000,18.62,20.16,17.65,20.03,170501.9
1746057600000,20.03,21.2,19.26,19.95,255261.1
1746144000000,19.95,21.47,19.9,20.84,177423.2
1746230400000,20.84,21.56,20.05,20.97,126574.2
1746316800000,20.97,21.24,19.77,19.93,123839.2
1746403200000,19.93,20.78,19.82,20.29,112110.8
1746489600000,20.29,21.15,19.55,20.95,152976.1
1746576000000,20.95,21.49,20.69,21.07,99539.2
1746662400000,21.07,23.67,20.85,23.36,185563.9
1746748800000,23.36,25.8,23.0,24.69,186574.2
1746835200000,24.69,26.38,24.31,26.29,132801.8
1746921600000,26.29,26.56,23.72,24.88,160830.5
1747008000000,24.88,25.7,23.23,24.85,145239.1
1747094400000,24.85,26.44,23.4,25.81,115315.2
1747180800000,25.81,26.23,24.62,25.2,80394.7
1747267200000,25.2,26.24,24.29,26.16,98353.2
1747353600000,26.16,28.29,25.79,26.83,151881.2
1747440000000,26.83,27.71,25.69,25.89,105529.6
1747526400000,25.89,27.33,25.82,27.12,105553.3
1747612800000,27.12,27.31,25.13,26.53,99123.4
1747699200000,26.53,27.0,25.43,26.52,105242.7
1747785600000,26.52,28.38,26.05,28.33,112392.8
1747872000000,28.33,34.11,28.23,33.45,333664.9
1747958400000,33.45,37.62,32.32,33.1,434070.9
1748044800000,33.1,36.58,32.17,34.8,238993.2
1748131200000,34.8,39.45,33.67,39.11,407349.0
1748217600000,39.11,39.99,36.52,37.14,354390.4
1748304000000,37.14,38.86,35.57,35.78,350746.5
1748390400000,35.78,36.38,32.59,34.33,311189.7
1748476800000,34.33,35.2,31.36,31.41,319800.5
1748563200000,31.41,34.33,30.65,32.83,413333.2
1748649600000,32.83,33.66,30.76,32.68,257442.1
1748736000000,32.68,34.28,31.51,34.14,152861.6
1748822400000,34.14,36.66,32.43,36.48,268064.9
1748908800000,36.48,38.23,35.67,36.1,210260.5
1748995200000,36.1,37.23,34.49,35.63,157608.0
1749081600000,35.63,36.42,32.63,34.02,240883.0
1749168000000,34.02,35.6,33.07,33.34,255141.3
1749254400000,33.34,35.16,33.02,34.92,163544.3
1749340800000,34.92,36.32,34.49,34.99,177560.9
1749427200000,34.99,38.98,34.72,38.84,271470.9
1749513600000,38.84,42.41,38.46,42.24,329192.7
1749600000000,42.24,44.07,40.73,41.82,318974.5
1749686400000,41.82,43.89,40.34,40.53,325522.9
1749772800000,40.53,42.79,37.35,42.29,423391.8
1749859200000,42.29,42.72,38.8,40.14,232682.9
1749945600000,40.14,41.47,39.68,41.19,218891.9
1750032000000,41.19,45.84,40.7,41.93,519584.6
1750118400000,41.93,43.59,38.32,39.96,1069745.3
1750204800000,39.96,41.11,37.58,39.46,1272350.4
1750291200000,39.46,39.99,35.8,36.88,1042577.8
1750377600000,36.88,37.89,33.04,33.38,1288467.6
1750464000000,33.38,35.31,30.91,34.44,1291904.7
1750550400000,34.44,36.06,31.6,35.74,1205189.9
1750636800000,35.74,38.48,33.28,38.2,729274.8
1750723200000,38.2,38.93,36.26,37.52,335718.2
1750809600000,37.52,39.11,36.68,37.01,259745.0
1750896000000,37.01,38.1,35.76,35.77,233418.6
1750982400000,35.77,37.28,35.36,36.6,178472.8
1751068800000,36.6,37.91,36.23,37.79,108127.1
1751155200000,37.79,39.89,37.49,39.79,175273.5
1751241600000,39.79,41.24,39.15,39.52,227589.8
1751328000000,39.52,39.79,36.84,36.92,208089.7
1751414400000,36.92,40.37,36.83,39.87,223314.3
1751500800000,39.87,41.21,39.59,40.26,167061.5
1751587200000,40.26,40.44,37.5,38.97,179104.3
1751673600000,38.97,39.63,38.27,39.14,106698.9
1751760000000,39.14,40.03,38.6,39.83,115058.4
1751846400000,39.83,40.16,38.2,38.54,184755.2
1751932800000,38.54,39.08,36.96,38.8,282632.5
1752019200000,38.8,41.04,38.7,40.68,333269.4
1752105600000,40.68,44.08,40.53,43.8,345002.6
1752192000000,43.8,46.93,43.4,46.39,326274.2
1752278400000,46.39,47.4,45.1,47.08,254959.3
1752364800000,47.08,49.31,46.94,48.94,274878.9
1752451200000,48.94,49.91,46.51,47.62,384633.4
1752537600000,47.62,48.38,46.65,47.86,250920.8
1752624000000,47.86,48.59,46.48,46.99,325375.2
1752710400000,46.99,47.37,44.21,45.59,606443.7
1752796800000,45.59,47.44,43.06,44.33,503993.8
1752883200000,44.33,45.3,43.99,44.48,230074.0
1752969600000,44.48,47.4,44.19,46.0,360585.2
1753056000000,46.0,47.82,44.05,44.34,513209.2
1753142400000,44.34,46.32,43.09,46.28,496016.9
1753228800000,46.28,46.34,42.4,43.7,404007.7
1753315200000,43.7,44.38,41.48,42.07,397841.5
1753401600000,42.07,44.18,41.14,44.13,337812.3
1753488000000,44.13,44.93,43.34,43.36,189917.9
1753574400000,43.36,44.34,42.42,43.68,250888.8
1753660800000,43.68,46.1,42.64,43.74,626559.1
1753747200000,43.74,45.28,42.46,43.49,487041.1
1753833600000,43.49,43.71,40.74,42.23,368094.8
1753920000000,42.23,44.72,40.68,40.82,459147.5
1754006400000,40.82,41.64,36.35,37.58,661144.7
1754092800000,37.58,38.73,35.47,36.9,359959.5
1754179200000,36.9,39.29,36.42,38.17,303821.6
1754265600000,38.17,39.45,37.26,38.81,398820.8
1754352000000,38.81,39.89,37.38,38.5,448013.9
1754438400000,38.5,39.25,36.88,38.08,430578.7
1754524800000,38.08,40.98,37.57,40.89,201388.6
1754611200000,40.89,41.77,40.13,41.0,168883.0
1754697600000,41.0,44.72,40.56,43.68,203827.7
1754784000000,43.68,45.46,42.83,45.28,184368.4
1754870400000,45.28,46.81,42.59,43.18,257109.5
1754956800000,43.18,45.87,42.14,44.73,262993.3
1755043200000,44.73,48.02,43.04,47.63,387369.0
1755129600000,47.63,48.9,43.71,45.45,328841.9
1755216000000,45.45,49.54,45.33,47.79,345273.8
1755302400000,47.79,48.32,46.14,46.28,116150.7
1755388800000,46.28,47.78,45.8,46.04,109044.8
1755475200000,46.04,46.18,42.87,43.31,160671.3
1755561600000,43.31,44.17,40.94,41.3,224722.2
1755648000000,41.3,43.27,40.59,43.0,198942.2
1755734400000,43.0,43.43,40.41,40.46,174755.8
1755820800000,40.46,45.53,40.45,45.35,255241.1
1755907200000,45.35,45.36,43.28,44.91,134501.0
1755993600000,44.91,46.97,43.44,46.06,193900.4
1756080000000,46.06,47.4,42.53,42.98,296602.2
1756166400000,42.98,49.74,42.37,48.75,1359995.27056
1756252800000,48.75,51.17,46.81,46.99,399195.5
1756339200000,46.99,49.01,45.55,45.57,318188.8
1756425600000,45.57,46.15,43.29,44.41,356975.3
1756512000000,44.41,44.9,43.24,44.05,92511.1
1756598400000,44.05,45.34,44.02,44.26,112361.6
1756684800000,44.26,45.46,42.49,43.11,160714.7
1756771200000,43.11,45.04,42.94,44.86,127826.7
1756857600000,44.86,46.45,44.24,45.83,126952.6
1756944000000,45.83,46.37,44.38,45.32,139773.7
1757030400000,45.32,47.68,45.03,47.2,219589.5
1757116800000,47.2,47.83,45.39,45.96,87804.2
1757203200000,45.96,47.65,45.95,47.05,89247.7
1757289600000,47.05,51.93,46.91,50.83,266953.2
1757376000000,50.83,55.26,50.5,53.26,298167.6
1757462400000,53.26,56.11,52.54,55.44,243236.0
1757548800000,55.44,57.16,53.01,57.01,241219.9
1757635200000,57.01,57.44,54.71,55.25,217295.9
1757721600000,55.25,56.86,54.19,54.46,186994.3
1757808000000,54.46,55.31,53.54,53.7,136730.2
1757894400000,53.7,54.63,52.05,54.0,143696.2
1757980800000,54.0,54.6,52.3,54.45,140399.9
1758067200000,54.45,58.02,53.86,57.76,228751.5
1758153600000,57.76,59.51,57.31,58.67,215797.8
1758240000000,58.67,59.34,55.24,56.18,182256.1
1758326400000,56.18,56.85,53.8,54.24,157326.9
1758412800000,54.24,54.38,50.65,50.89,276554.2
1758499200000,50.89,51.33,46.04,47.27,703913.7
1758585600000,47.27,48.94,44.38,44.67,935522.4
1758672000000,44.67,46.89,43.24,45.64,722563.9
1758758400000,45.64,46.0,39.72,40.42,783233.0
1758844800000,40.42,45.67,40.4,44.83,375845.6
1758931200000,44.83,46.58,43.07,45.76,358740.9
1759017600000,45.76,47.32,42.87,47.18,495804.2
1759104000000,47.18,48.87,44.89,46.21,605512.7
1759190400000,46.21,46.6,43.47,45.21,419692.3
1759276800000,45.21,48.11,44.58,47.21,213372.4
1759363200000,47.21,51.07,47.0,50.8,469295.0
1759449600000,50.8,50.88,48.45,49.41,295584.2
1759536000000,49.41,49.65,47.53,49.13,261141.6
1759622400000,49.13,51.47,47.32,48.2,272741.2
1759708800000,48.2,49.73,47.2,47.21,197801.1
1759795200000,47.21,47.74,44.28,45.12,300445.5
1759881600000,45.12,47.33,44.85,46.63,202955.5
1759968000000,46.63,46.8,42.38,43.97,256570.6
1760054400000,43.97,45.4,30.08,37.76,395644.0
1760140800000,37.76,40.97,35.21,36.8,250916.5
1760227200000,36.8,40.92,35.92,39.63,210158.5
1760313600000,39.63,43.61,38.18,42.43,278910.9
1760400000000,42.43,43.16,37.38,39.38,292186.0
1760486400000,39.38,41.18,36.83,37.37,210581.9
1760572800000,37.37,39.45,36.28,36.79,260497.1
1760659200000,36.79,37.59,33.3,35.46,279903.1
1760745600000,35.46,36.91,34.62,36.84,123393.4
1760832000000,36.84,38.51,35.74,37.4,137803.5
1760918400000,37.4,39.58,36.71,37.93,280616.6
1761004800000,37.93,38.36,35.14,35.34,553974.6
1761091200000,35.34,36.79,34.47,36.22,629942.3
1761177600000,36.22,40.78,36.15,40.2,1051666.8
1761264000000,40.2,40.87,38.68,39.28,406043.5
1761350400000,39.28,44.65,38.86,44.22,451751.6
1761436800000,44.22,48.6,43.53,47.3,575988.5
1761523200000,47.3,49.38,45.39,46.53,716664.9
1761609600000,46.53,49.35,45.93,47.66,650979.0
1761696000000,47.66,49.84,45.73,47.96,679420.9
1761782400000,47.96,50.09,42.67,45.4,952788.9
1761868800000,45.4,46.25,42.36,43.68,910645.3
1761955200000,43.68,44.48,42.68,43.26,392514.2
1762041600000,43.26,43.45,41.09,42.44,615609.6
1762128000000,42.44,42.73,38.27,40.2,899121.7
1762214400000,40.2,40.82,35.42,39.01,1160100.7
1762300800000,39.01,42.23,37.5,41.36,719620.0
1762387200000,41.36,41.36,37.61,38.51,579499.3
1762473600000,38.51,43.34,38.01,42.25,640708.6
1762560000000,42.25,43.29,39.65,40.15,341906.9
1762646400000,40.15,42.8,39.21,41.81,313839.3
1762732800000,41.81,43.22,40.84,41.44,385705.4
1762819200000,41.44,41.99,38.34,38.68,551529.7
1762905600000,38.68,40.83,37.48,38.36,630392.6
1762992000000,38.36,39.846,36.607,38.527,479525.7
1763078400000,38.527,38.598,36.016,37.488,977293.4
1763164800000,37.488,39.555,37.317,38.562,238478.2
1763251200000,38.562,40.488,37.469,38.698,310648.8
1763337600000,38.698,39.341,37.102,39.336,667543.6
1763424000000,39.336,41.681,38.242,38.653,783599.3
1763510400000,38.653,39.101,37.129,38.842,751439.7
1763596800000,38.842,39.8,37.371,37.547,585280.5
1763683200000,37.547,38.537,31.663,33.85,985281.09
1763769600000,33.85,34.524,29.354,29.98,621352.24
1763856000000,29.98,32.637,29.622,31.867,757279.89
1763942400000,31.867,34.639,30.415,33.725,1142977.01
1764028800000,33.725,34.457,31.791,33.717,832666.36
1764115200000,33.717,36.358,33.014,36.221,658929.11
1764201600000,36.221,36.511,34.474,34.719,436488.94
1764288000000,34.719,36.775,33.78,34.923,752056.82
1764374400000,34.923,36.448,34.014,34.329,846989.5
1764460800000,34.329,34.53,31.834,31.933,700549.34
1764547200000,31.933,32.067,29.148,31.009,1199134.16
1764633600000,31.009,34.385,30.35,33.843,1014015.5
1764720000000,33.843,35.375,33.356,34.654,835991.78
1764806400000,34.654,36.188,33.067,33.519,657958.62
1764892800000,33.519,33.883,30.46,30.964,1161490.45
1764979200000,30.964,31.469,30.583,30.944,618332.55
1765065600000,30.944,31.214,28.138,29.719,1536072.6
1765152000000,29.719,30.945,28.64,29.484,1059077.25
1765238400000,29.484,29.527,27.438,27.897,2673314.43
1765324800000,27.897,29.973,27.614,28.818,1703766.38
1765411200000,28.818,29.215,26.88,29.128,2032146.11
1765497600000,29.128,30.257,28.307,28.589,1115381.21
1765584000000,28.589,29.721,27.911,29.576,532301.29
1765670400000,29.576,29.887,28.277,28.801,732863.32
1765756800000,28.801,29.564,27.137,27.583,1266122.93
1765843200000,27.583,27.645,26.035,26.795,900041.95
1765929600000,26.795,28.331,24.201,24.471,1284324.65
1766016000000,24.471,25.279,22.422,22.458,1051061.32
1766102400000,22.458,25.124,22.2,24.861,1117994.91
1766188800000,24.861,25.529,23.802,23.991,552839.87
1766275200000,23.991,24.837,23.582,24.825,535904.52
1766361600000,24.825,25.688,24.383,24.871,600718.77
1766448000000,24.871,24.995,23.642,23.953,484254.04
1766534400000,23.953,25.236,23.616,25.156,428391.46
1766620800000,25.156,25.207,24.176,24.384,330949.72
1766707200000,24.384,25.83,24.347,25.773,402786.03
1766793600000,25.773,26.422,25.385,25.96,410898.61
1766880000000,25.96,26.309,24.817,25.345,425740.09
1766966400000,25.345,26.422,25.249,25.79,595791.04
1767052800000,25.79,26.689,25.366,25.966,439877.57
1767139200000,25.966,26.242,25.29,25.451,342838.38
1767225600000,25.451,26.102,23.763,24.244,549082.86
1767312000000,24.244,25.012,24.067,24.598,630711.63
1767398400000,24.598,25.434,24.277,25.374,686198.18
1767484800000,25.374,26.888,24.842,26.864,679162.3
1767571200000,26.864,27.479,25.774,26.502,775112.3
1767657600000,26.502,28.377,26.084,28.232,920841.99
1767744000000,28.232,28.386,26.463,26.863,647683.28
1767830400000,26.863,27.083,25.583,25.672,580779.23
1767916800000,25.672,26.198,24.948,25.071,511086.74
1768003200000,25.071,25.083,23.763,24.038,528460.2
1768089600000,24.038,24.665,23.983,24.432,307750.68
1768176000000,24.432,25.407,23.113,23.757,1078535.02
1768262400000,23.757,25.844,23.729,25.749,858420.02
1768348800000,25.749,26.879,25.606,25.965,803237.16
1768435200000,25.965,26.095,24.344,24.722,671468.49
1768521600000,24.722,25.227,24.484,24.99,296807.31
1768608000000,24.99,25.826,24.763,25.418,222935.1
1768694400000,25.418,26.124,24.379,24.456,398796.9
1768780800000,24.456,24.456,22.754,23.714,568454.66
1768867200000,23.714,23.857,20.832,20.983,879771.14
1768953600000,20.983,22.079,20.483,21.528,849591.81
1769040000000,21.528,22.214,21.121,21.44,507176.02
1769126400000,21.44,23.063,20.83,22.634,783110.25
1769212800000,22.634,23.739,22.597,23.202,645681.02
1769299200000,23.202,23.418,21.633,22.196,602626.93
1769385600000,22.196,25.329,21.835,24.93,955324.62
1769472000000,24.93,30.983,24.894,30.798,2827624.94
1769558400000,30.798,34.859,30.716,34.429,3448332.72
1769644800000,34.429,34.562,30.405,30.786,2186928.31
1769731200000,30.786,32.895,28.147,30.623,2377501.38
1769817600000,30.623,32.141,27.421,31.009,1734913.22
1769904000000,31.009,32.581,28.454,30.571,1719747.13
1769990400000,30.571,33.962,29.512,33.281,1966388.15
1770076800000,33.281,38.428,32.258,32.695,3259935.88
1770163200000,32.695,36.26,32.38,35.488,2126911.72
1770249600000,35.488,35.51,31.056,33.092,2180089.35
1770336000000,33.092,36.818,31.386,32.377,2169692.21
1770422400000,32.377,33.853,31.008,31.401,1294791.71
1770508800000,31.401,33.03,30.492,32.441,1009763.31
1770595200000,32.441,33.516,30.906,31.328,832562.78
1770681600000,31.328,31.557,28.754,28.842,1037335.88
1770768000000,28.842,30.198,28.293,29.371,890599.53
1770854400000,29.371,31.824,29.282,31.089,1056895.99
1770940800000,31.089,32.334,29.97,31.564,757624.85
1771027200000,31.564,32.295,30.714,31.833,633012.96
1771113600000,31.833,32.002,30.252,30.694,462746.38
1771200000000,30.694,31.261,29.545,31.247,598490.0
1771286400000,31.247,31.4,29.019,29.502,586055.46
1771372800000,29.502,29.778,28.226,28.674,648837.46
1771459200000,28.674,29.394,27.724,28.997,564892.55
1771545600000,28.997,30.428,28.614,30.364,769558.8
1771632000000,30.364,30.568,29.538,29.731,306536.32
1771718400000,29.731,29.951,28.689,29.016,286231.76
1771804800000,29.016,29.046,25.636,26.368,1040991.24
1771891200000,26.368,27.421,25.628,27.08,660050.48
1771977600000,27.08,29.052,26.74,27.886,882978.29
1772064000000,27.886,29.408,27.723,28.108,692393.15
1772150400000,28.108,29.928,26.731,27.28,636228.57
1772236800000,27.28,31.392,26.078,31.193,915799.91
1772323200000,31.193,32.31,30.161,31.53,991583.78
1772409600000,31.53,33.69,29.951,32.802,1149562.62
1772496000000,32.802,33.546,30.807,31.291,851416.13
1772582400000,31.291,33.21,30.729,32.14,734108.72
1772668800000,32.14,32.259,30.233,30.529,495070.91
1772755200000,30.529,31.329,29.448,31.018,604350.73
1772841600000,31.018,31.104,29.785,30.289,489306.76
1772928000000,30.289,31.224,29.679,30.689,439153.92
1773014400000,30.689,35.357,30.245,34.661,1267605.69
1773100800000,34.661,35.171,33.454,34.158,797991.88
1773187200000,34.158,36.999,34.055,36.208,703420.08
1773273600000,36.208,38.029,35.776,37.247,1029092.44
1773360000000,37.247,38.491,35.969,36.432,692521.4
1773446400000,36.432,38.844,36.336,37.794,634506.84
1773532800000,37.794,38.252,36.778,37.242,533497.33
1773619200000,37.242,41.445,37.193,40.786,882676.49
1773705600000,40.786,42.146,39.608,41.147,839260.25
1773792000000,41.147,43.743,40.187,42.079,1510648.77
1773878400000,42.079,42.219,38.605,39.329,925247.88
1773964800000,39.329,40.754,38.365,39.529,828647.74
1774051200000,39.529,40.438,38.91,39.131,366640.66
1774137600000,39.131,39.51,37.436,38.342,630283.86
1774224000000,38.342,39.565,36.754,37.341,734600.14
1774310400000,37.341,40.466,37.219,40.324,885532.6
1774396800000,40.324,41.58,39.661,40.309,545987.82
1774483200000,40.309,40.359,38.285,39.149,526874.68
1774569600000,39.149,39.422,37.886,38.658,470801.7
1774656000000,38.658,40.305,37.975,39.463,403471.16
1774742400000,39.463,40.056,37.737,37.832,418420.62
1774828800000,37.832,38.794,36.492,36.835,642110.64
1774915200000,36.835,37.636,35.662,36.599,924996.03
1775001600000,36.599,37.812,35.869,36.022,704713.12
1775088000000,36.022,36.292,34.423,35.188,532121.1
1775174400000,35.188,36.125,35.08,35.603,325063.13
1775260800000,35.603,36.547,35.502,36.363,298513.59
1775347200000,36.363,36.996,35.125,36.84,415811.11
1775433600000,36.84,37.769,35.993,36.287,411190.3
1775520000000,36.287,39.156,35.75,38.599,524491.53
1775606400000,38.599,39.781,37.75,38.738,583770.86
1775692800000,38.738,40.407,38.135,39.456,455278.79
1775779200000,39.456,42.242,39.414,41.577,555557.58
1775865600000,41.577,43.131,41.448,42.236,411574.91
1775952000000,42.236,42.791,40.174,40.822,440933.54
1776038400000,40.822,44.548,40.772,44.275,764733.17
1776124800000,44.275,45.279,42.911,43.5,581798.17
1776211200000,43.5,45.434,43.113,44.623,641092.42
1776297600000,44.623,45.745,43.281,43.788,606483.43
1776384000000,43.788,45.532,43.148,44.609,543286.29
1776470400000,44.609,45.428,43.713,43.767,323605.66
1776556800000,43.767,43.928,40.515,40.713,585313.03
1776643200000,40.713,41.778,40.542,40.695,618385.83
1776729600000,40.695,41.378,38.889,39.754,809910.8
1776816000000,39.754,41.696,39.615,41.13,713702.99
1776902400000,41.13,41.91,40.503,41.289,624545.94
1776988800000,41.289,41.492,40.661,41.146,317012.05
1777075200000,41.146,41.873,40.825,41.474,227308.86
1777161600000,41.474,42.582,40.932,42.424,231391.62
1777248000000,42.424,43.572,41.243,41.638,486891.51
1777334400000,41.638,41.814,39.453,40.164,659187.51
1777420800000,40.164,40.825,39.158,39.933,766944.71
1777507200000,39.933,40.337,38.7,39.693,564092.51
1777593600000,39.693,41.196,39.67,41.141,431602.01
1777680000000,41.141,42.441,40.999,41.253,302747.85
1777766400000,41.253,41.715,40.683,41.539,232163.22
1777852800000,41.539,42.596,40.871,41.801,473393.66
1777939200000,41.801,44.617,41.771,43.691,551557.44
1778025600000,43.691,44.747,42.913,43.102,408307.74
1778112000000,43.102,43.539,41.857,42.521,413378.18
1778198400000,42.521,43.469,42.051,43.236,325245.61
1778284800000,43.236,44.346,42.842,42.91,324016.08
1778371200000,42.91,43.689,42.131,42.995,356796.47
1778457600000,42.995,43.143,40.825,41.985,453121.01
1778544000000,41.985,42.032,39.825,40.243,402440.36
1778630400000,40.243,40.673,38.676,38.822,806902.82
1778716800000,38.822,44.78,38.161,44.125,1416657.26
1778803200000,44.125,46.99,42.712,44.169,2051155.28
1778889600000,44.169,44.499,40.353,41.811,1006450.72
1778976000000,41.811,47.278,41.352,45.685,1740657.85
1779062400000,45.685,47.94,44.216,47.739,1588978.59
1779148800000,47.739,48.916,46.841,48.036,1356101.39
1779235200000,48.036,54.822,47.086,54.805,2202931.86
1779321600000,54.805,62.645,54.69,58.605,4991557.06
1779408000000,58.605,61.925,54.306,54.637,3254862.76
1779494400000,54.637,59.911,54.058,58.727,2137779.18
1779580800000,58.727,64.696,58.647,62.827,2618631.59
1779667200000,62.827,64.0,60.691,61.138,1358942.41
1779753600000,61.138,64.789,58.613,59.572,2371194.48
1779840000000,59.572,63.359,57.404,57.735,2260216.67
1779926400000,57.735,62.13,56.287,61.548,2044890.3
1780012800000,61.548,67.581,60.363,64.441,2502346.11
1780099200000,64.441,68.653,63.997,68.303,1757444.61
1780185600000,68.303,73.21,67.461,72.104,2009892.99
1780272000000,72.104,75.845,70.372,73.664,2148632.48
1780358400000,73.664,75.71,67.843,69.83,1953138.26
1780444800000,69.83,75.8,68.476,74.575,1546020.99
1780531200000,74.575,75.543,63.066,64.439,2446901.76
1780617600000,64.439,65.981,56.676,59.784,2383231.54
1780704000000,59.784,61.172,55.464,56.49,1080810.66
1780790400000,56.49,60.41,56.103,59.709,1151029.56
1780876800000,59.709,65.8,59.281,63.818,1769898.06
1780963200000,63.818,64.111,57.123,57.769,1732190.73
1781049600000,57.769,58.333,52.621,53.315,1999848.13
1781136000000,53.315,59.608,52.855,58.959,1801858.88
1781222400000,58.959,62.444,56.798,59.296,2210127.14
1781308800000,59.296,60.888,57.206,60.687,1670672.93
1781395200000,60.687,64.097,59.592,63.863,2029242.46
1781481600000,63.863,68.756,63.113,66.871,2300396.57
1781568000000,66.871,76.978,66.338,73.65,2525591.82
1781654400000,73.65,76.689,69.946,71.159,2611424.41
1781740800000,71.159,73.721,66.546,68.351,2613734.33
1781827200000,68.351,71.329,65.635,70.288,2221760.61
1781913600000,70.288,71.525,68.399,70.738,1392791.37
1782000000000,70.738,70.898,66.581,66.934,1007051.84
1782086400000,66.934,69.529,65.227,66.296,1790143.55
1782172800000,66.296,67.343,61.667,62.205,1618356.03
1782259200000,62.205,64.296,59.108,63.929,1840817.54
1782345600000,63.929,65.413,58.52,64.092,2314532.09
1782432000000,64.092,65.472,60.999,64.388,2018375.45
1782518400000,64.388,64.84,61.516,61.682,831672.2
1782604800000,61.682,63.6,60.564,61.46,774029.97
1782691200000,61.46,67.827,60.662,66.928,1408884.04
1782777600000,66.928,67.003,64.15,65.061,1103907.78
1782864000000,65.061,66.024,61.96,62.372,1722470.34
1782950400000,62.372,67.189,61.683,66.926,1681683.11
1783036800000,66.926,71.276,65.906,70.681,1504372.4
1783123200000,70.681,72.077,69.412,69.868,911476.39
1783209600000,69.868,71.71,68.224,71.363,845455.92
1783296000000,71.363,72.711,68.652,70.609,1076161.86
1783382400000,70.609,73.0,68.904,69.184,1147363.94
1783468800000,69.184,69.749,66.174,67.602,1006589.81
1783555200000,67.602,68.759,66.612,67.106,843737.23
1783641600000,67.106,69.367,66.682,67.517,942031.73
1783728000000,67.517,68.263,66.187,66.743,762859.63
1783814400000,66.743,68.392,66.477,67.306,742437.05
1783900800000,67.306,68.215,62.6,63.444,1368063.54
1783987200000,63.444,66.14,62.489,65.558,887303.59
1784073600000,65.558,69.031,64.864,66.879,1041147.0
1784160000000,66.879,67.229,60.514,60.731,1224253.12
1784246400000,60.731,61.704,58.456,59.754,1221669.04
1784332800000,59.754,60.585,58.187,60.216,916071.55
1784419200000,60.216,61.495,60.201,61.115,662731.56
1784505600000,61.115,62.907,59.811,62.448,875688.19
1784592000000,62.448,63.417,59.813,60.852,831691.78
1784678400000,60.852,61.186,57.389,59.353,1149127.53
1784764800000,59.353,60.034,57.123,57.459,922095.97
1784851200000,57.459,59.229,56.448,57.414,849728.72
1784937600000,57.414,58.529,56.875,58.107,596317.97
1785024000000,58.107,59.887,58.052,59.621,593305.94
1785110400000,59.621,60.5,55.698,56.079,1424844.61
1785196800000,56.079,56.45,54.0,55.179,1449338.62
1785283200000,55.179,55.586,53.088,53.919,1513968.97
1785369600000,53.919,56.124,52.846,55.841,1279047.72
1785456000000,55.841,56.139,51.856,52.551,1111703.67
1785542400000,52.551,52.721,51.5,52.201,601645.82
1785628800000,52.201,53.067,51.111,52.594,801164.69
1785715200000,52.594,54.857,51.95,53.999,1089670.87
1785801600000,53.999,55.888,53.547,55.06,1123313.74
1785888000000,55.06,57.996,54.663,56.943,1330903.52
1785974400000,56.943,57.226,54.67,56.209,789597.55
1786060800000,56.209,57.012,53.339,54.087,805093.58
1786147200000,54.087,55.279,53.855,55.114,584199.71
1786233600000,55.114,55.346,53.74,53.864,431940.2
1786320000000,53.864,56.137,53.816,55.09,730592.74
1786406400000,55.09,55.654,53.725,54.493,593354.9
1786492800000,54.493,56.945,54.286,56.061,737730.26
1786579200000,56.061,58.472,56.023,57.474,849122.19
1786665600000,57.474,57.617,55.34,56.492,478899.98
1786752000000,56.492,57.361,55.843,56.895,321391.96
1786838400000,56.895,58.029,56.731,57.136,403592.57
1786924800000,57.136,59.909,57.037,59.42,664831.17
1787011200000,59.42,60.471,58.209,58.505,669930.56
1787097600000,58.505,72.657,58.039,69.726,1922111.1
1787184000000,69.726,75.074,68.468,73.773,1364460.11
1787270400000,73.773,77.947,71.404,75.585,1448752.63
1787356800000,75.585,82.644,71.65,79.336,1179353.55
1787443200000,79.336,83.475,77.013,82.322,908118.16
1787529600000,82.322,82.343,76.776,78.952,1071696.35
1787616000000,78.952,83.332,78.123,79.648,1114053.03
1787702400000,79.648,83.768,79.43,82.26,1006088.66
1787788800000,82.26,86.748,80.463,84.609,912750.28
1787875200000,84.609,85.19,78.521,80.899,860349.91
1787961600000,80.899,83.537,80.082,83.374,381578.01
1788048000000,83.374,84.11,79.015,79.981,459503.55
1788134400000,79.981,85.35,79.558,84.169,622173.24
1788220800000,84.169,84.571,80.606,82.787,568034.54
1788307200000,82.787,83.694,80.257,81.881,432285.22
1788393600000,81.881,88.136,81.048,87.459,620231.53
1788480000000,87.459,87.85,83.5,84.399,545819.85
1788566400000,84.399,86.128,83.648,85.381,280946.46
1788652800000,85.381,89.657,84.678,87.976,705839.96
1788739200000,87.976,88.359,84.48,85.175,535694.89
1788825600000,85.175,85.581,81.566,85.12,592636.44
1788912000000,85.12,87.068,82.438,83.516,684788.04
1788998400000,83.516,84.4,78.191,78.572,636078.98
1789084800000,78.572,83.815,78.186,79.429,678623.61
1789171200000,79.429,80.774,78.35,79.644,277780.68
1789257600000,79.644,79.657,76.528,77.281,400342.65
1789344000000,77.281,82.467,76.925,80.312,604113.1
1789430400000,80.312,80.552,75.132,76.955,805134.63
1789516800000,76.955,80.397,76.689,78.268,596739.2
1789603200000,78.268,85.261,78.054,85.138,679589.11
1789689600000,85.138,93.181,85.089,92.601,1059766.87
1789776000000,92.601,94.592,90.882,92.204,458466.34
1789862400000,92.204,93.973,89.65,93.651,454094.87
1789948800000,93.651,96.097,92.002,94.031,536082.27
1790035200000,94.031,97.827,92.111,97.21,472943.96
1790121600000,97.21,98.0,91.97,94.024,508357.21
1790208000000,94.024,94.896,89.833,92.063,606294.44
1790294400000,92.063,94.336,90.301,92.368,462524.2
1790380800000,92.368,92.641,90.965,92.523,142327.56
1790467200000,92.523,93.873,91.01,91.677,210832.99
1790553600000,91.677,92.077,86.357,87.468,493202.26
1790640000000,87.468,89.05,84.805,86.031,487740.8
1790726400000,86.031,91.902,84.517,90.964,650492.28
1790812800000,90.964,91.135,86.437,87.623,520785.06
1790899200000,87.623,91.458,86.089,89.096,514399.35
1790985600000,89.096,90.059,87.726,89.314,232356.29
1791072000000,89.314,91.264,89.279,90.55,285564.7
1791158400000,90.55,95.3,89.975,94.151,463415.32
1791244800000,94.151,94.947,91.211,91.929,262108.66
1791331200000,91.929,92.199,87.983,88.63,269071.46
