time,open,high,low,close
1650153600,78.45,78.64,75.04,75.37
1650240000,75.37,77.93,71.52,77.7
1650326400,77.7,81.05,76.75,80.26
1650412800,80.26,81.31,77.34,78.18
1650499200,78.18,80.14,74.01,74.95
1650585600,74.95,77.16,73.26,73.98
1650672000,73.98,74.38,72.33,72.78
1650758400,72.78,73.45,70.89,71.44
1650844800,71.44,72.97,67.29,72.85
1650931200,72.85,73.15,67.45,68.65
1651017600,68.65,71.96,68.24,69.81
1651104000,69.81,70.72,66.52,67.2
1651190400,67.2,67.96,62.09,63.36
1651276800,63.36,64.64,54.88,56.91
1651363200,56.91,61.11,56.21,58.7
1651449600,58.7,62.41,56.68,60.32
1651536000,60.32,62.5,58.07,59.58
1651622400,59.58,67.63,59.24,67.24
1651708800,67.24,69.45,56.4,58.99
1651795200,58.99,59.35,55.03,56.95
1651881600,56.95,57.49,53.06,55.02
1651968000,55.02,55.47,50.57,51.59
1652054400,51.59,53.05,41.01,41.17
1652140800,41.17,50.32,39.9,44.53
1652227200,44.53,46.24,26.0,31.1
1652313600,31.1,33.95,23.35,30.3
1652400000,30.3,37.98,29.5,32.18
1652486400,32.18,34.33,29.25,33.91
1652572800,33.91,37.1,31.84,36.52
1652659200,36.52,36.53,31.37,32.52
1652745600,32.52,35.78,32.16,34.37
1652832000,34.37,35.15,29.33,29.57
1652918400,29.57,31.92,27.45,30.36
1653004800,30.36,31.95,27.77,28.76
1653091200,28.76,30.59,28.14,29.87
1653177600,29.87,32.72,28.94,31.69
1653264000,31.69,33.08,28.5,29.04
1653350400,29.04,29.64,26.83,29.05
1653436800,29.05,29.71,27.08,27.22
1653523200,27.22,28.0,22.72,23.4
1653609600,23.4,23.86,21.33,22.55
1653696000,22.55,25.7,22.16,24.74
1653782400,24.74,27.0,23.7,26.14
1653868800,26.14,28.47,25.3,27.68
1653955200,27.68,29.11,25.52,26.41
1654041600,26.41,27.04,23.16,23.68
1654128000,23.68,24.88,22.65,24.62
1654214400,24.62,24.68,22.45,22.98
1654300800,22.98,24.66,22.1,24.56
1654387200,24.56,25.2,23.91,24.16
1654473600,24.16,27.77,24.02,25.97
1654560000,25.97,26.19,23.09,24.58
1654646400,24.58,25.44,23.71,24.49
1654732800,24.49,25.38,23.7,24.41
1654819200,24.41,24.85,21.88,22.06
1654905600,22.06,23.0,19.62,19.89
1654992000,19.89,20.14,17.21,17.27
1655078400,17.27,17.49,14.56,16.1
1655164800,16.1,17.28,14.64,16.53
1655251200,16.53,18.47,14.52,18.28
1655337600,18.28,18.7,15.49,15.78
1655424000,15.78,16.72,15.46,15.97
1655510400,15.97,16.3,13.76,14.81
1655596800,14.81,16.42,13.71,16.16
1655683200,16.16,17.86,15.31,17.09
1655769600,17.09,18.49,16.61,16.89
1655856000,16.89,17.4,15.95,16.07
1655942400,16.07,18.4,16.01,18.27
1656028800,18.27,20.94,17.96,20.48
1656115200,20.48,21.68,19.85,21.35
1656201600,21.35,22.07,19.58,19.72
1656288000,19.72,21.39,19.15,19.33
1656374400,19.33,20.52,17.96,18.1
1656460800,18.1,18.67,17.15,17.78
1656547200,17.78,17.8,15.74,16.97
1656633600,16.97,17.65,15.77,16.11
1656720000,16.11,16.61,15.93,16.31
1656806400,16.31,16.91,15.81,16.63
1656892800,16.63,18.06,16.28,17.91
1656979200,17.91,18.65,16.64,18.01
1657065600,18.01,19.48,17.76,19.16
1657152000,19.16,20.61,18.81,20.18
1657238400,20.18,21.15,19.4,19.69
1657324800,19.69,20.26,19.55,19.87
1657411200,19.87,19.97,18.72,19.14
1657497600,19.14,19.16,17.3,17.32
1657584000,17.32,18.05,16.69,16.74
1657670400,16.74,18.94,16.32,18.82
1657756800,18.82,19.98,17.77,19.75
1657843200,19.75,20.31,19.07,19.35
1657929600,19.35,21.5,18.68,21.25
1658016000,21.25,22.1,20.55,20.61
1658102400,20.61,24.37,20.57,23.96
1658188800,23.96,26.3,23.03,24.71
1658275200,24.71,26.38,23.38,23.59
1658361600,23.59,25.45,22.63,24.99
1658448000,24.99,25.55,23.57,23.61
1658534400,23.61,24.65,22.81,23.58
1658620800,23.58,24.48,23.21,23.77
1658707200,23.77,23.84,20.86,20.9
1658793600,20.9,20.97,19.53,20.69
1658880000,20.69,23.49,20.19,23.39
1658966400,23.39,24.7,22.4,24.19
1659052800,24.19,25.38,23.45,24.47
1659139200,24.47,25.83,23.88,24.22
1659225600,24.22,25.24,23.51,23.69
1659312000,23.69,24.32,22.94,23.57
1659398400,23.57,23.97,22.21,22.81
1659484800,22.81,24.19,22.25,23.02
1659571200,23.02,24.01,22.85,23.35
1659657600,23.35,24.99,23.08,24.95
1659744000,24.95,26.98,24.71,26.64
1659830400,26.64,28.5,25.81,27.87
1659916800,27.87,30.89,27.56,27.91
1660003200,27.91,28.79,26.9,27.39
1660089600,27.39,30.29,26.58,29.16
1660176000,29.16,30.1,28.22,28.51
1660262400,28.51,29.44,28.04,29.32
1660348800,29.32,30.37,28.84,29.15
1660435200,29.15,29.84,27.81,28.17
1660521600,28.17,29.28,27.03,27.87
1660608000,27.87,28.41,26.9,27.09
1660694400,27.09,28.21,25.23,25.54
1660780800,25.54,26.27,23.74,24.18
1660867200,24.18,24.41,21.0,22.42
1660953600,22.42,23.07,21.6,22.28
1661040000,22.28,23.57,22.12,22.95
1661126400,22.95,22.99,21.61,22.55
1661212800,22.55,23.74,21.8,23.5
1661299200,23.5,23.63,22.78,22.99
1661385600,22.99,23.65,22.63,22.97
1661472000,22.97,23.22,20.3,20.64
1661558400,20.64,20.87,19.76,20.03
1661644800,20.03,20.45,18.04,18.51
1661731200,18.51,19.46,17.46,19.3
1661817600,19.3,20.64,18.85,19.39
1661904000,19.39,20.07,18.96,19.12
1661990400,19.12,19.46,18.31,19.31
1662076800,19.31,19.65,18.65,18.83
1662163200,18.83,18.99,18.54,18.87
1662249600,18.87,19.15,18.7,19.0
1662336000,19.0,19.49,18.39,19.44
1662422400,19.44,20.49,18.11,18.19
1662508800,18.19,19.29,17.8,18.99
1662595200,18.99,19.16,18.38,19.13
1662681600,19.13,20.83,19.09,20.38
1662768000,20.38,21.18,20.02,20.43
1662854400,20.43,20.95,19.93,20.67
1662940800,20.67,21.89,20.04,21.36
1663027200,21.36,21.79,18.73,18.83
1663113600,18.83,19.3,18.42,19.1
1663200000,19.1,19.36,18.06,18.18
1663286400,18.18,18.3,17.54,18.04
1663372800,18.04,18.57,18.03,18.46
1663459200,18.46,18.74,16.05,16.69
1663545600,16.69,17.36,16.36,17.26
1663632000,17.26,17.4,16.55,16.65
1663718400,16.65,17.93,16.16,16.51
1663804800,16.51,17.87,16.37,17.66
1663891200,17.66,18.23,17.12,17.96
1663977600,17.96,18.19,17.53,17.59
1664064000,17.59,17.87,17.11,17.31
1664150400,17.31,17.58,16.95,17.56
1664236800,17.56,18.47,17.02,17.29
1664323200,17.29,17.44,16.72,17.25
1664409600,17.25,17.39,16.86,17.33
1664496000,17.33,17.73,17.0,17.18
1664582400,17.18,17.3,16.85,16.95
1664668800,16.95,17.16,16.42,16.52
1664755200,16.52,17.3,16.31,17.14
1664841600,17.14,17.54,17.05,17.43
1664928000,17.43,17.47,16.93,17.37
1665014400,17.37,17.67,16.96,17.02
1665100800,17.02,17.15,16.7,16.89
1665187200,16.89,16.99,16.6,16.76
1665273600,16.76,16.99,16.69,16.88
1665360000,16.88,17.24,16.12,16.19
1665446400,16.19,16.31,15.54,15.94
1665532800,15.94,16.15,15.8,15.94
1665619200,15.94,15.98,14.31,15.64
1665705600,15.64,16.4,15.53,15.66
1665792000,15.66,15.76,15.34,15.42
1665878400,15.42,15.87,15.39,15.73
1665964800,15.73,16.27,15.63,16.16
1666051200,16.16,16.35,15.56,15.86
1666137600,15.86,15.92,14.98,15.04
1666224000,15.04,15.44,14.85,15.13
1666310400,15.13,15.74,14.55,15.67
1666396800,15.67,15.93,15.5,15.66
1666483200,15.66,16.42,15.58,16.31
1666569600,16.31,16.49,15.62,15.74
1666656000,15.74,17.1,15.57,16.621
1666742400,16.621,17.349,16.62,16.992
1666828800,16.992,17.5,16.81,16.878
1666915200,16.878,18.39,16.708,18.32
1667001600,18.32,18.888,18.151,18.28
1667088000,18.28,18.824,17.906,18.241
1667174400,18.241,19.798,18.17,19.266
1667260800,19.266,19.528,18.563,18.614
1667347200,18.614,18.758,17.406,17.902
1667433600,17.902,18.867,17.788,18.022
1667520000,18.022,19.689,17.863,19.375
1667606400,19.375,20.6,19.18,19.593
1667692800,19.593,19.747,18.181,18.219
1667779200,18.219,18.847,17.646,18.065
1667865600,18.065,18.142,14.639,15.994
1667952000,15.994,16.14,11.916,12.858
1668038400,12.858,15.941,12.611,15.403
1668124800,15.403,15.45,13.56,14.12
1668211200,14.12,14.138,12.872,13.086
1668297600,13.086,13.35,12.612,13.011
1668384000,13.011,13.594,12.028,13.127
1668470400,13.127,13.996,12.994,13.505
1668556800,13.505,13.712,12.78,13.04
1668643200,13.04,13.34,12.645,12.859
1668729600,12.859,13.284,12.845,12.986
1668816000,12.986,12.988,12.477,12.88
1668902400,12.88,13.133,12.039,12.177
1668988800,12.177,12.188,11.53,11.806
1669075200,11.806,12.386,11.417,12.341
1669161600,12.341,13.053,12.331,13.049
1669248000,13.049,13.392,12.75,12.939
1669334400,12.939,13.027,12.51,12.813
1669420800,12.813,13.23,12.605,12.762
1669507200,12.762,13.25,12.677,12.855
1669593600,12.855,12.981,11.93,12.441
1669680000,12.441,12.723,12.266,12.456
1669766400,12.456,13.189,12.452,13.131
1669852800,13.131,13.312,12.779,12.896
1669939200,12.896,13.657,12.772,13.574
1670025600,13.574,13.9,13.276,13.403
1670112000,13.403,13.94,13.39,13.919
1670198400,13.919,14.347,13.4,13.599
1670284800,13.599,13.687,13.426,13.662
1670371200,13.662,13.693,12.979,13.259
1670457600,13.259,13.514,13.045,13.405
1670544000,13.405,13.616,13.346,13.451
1670630400,13.451,13.6,13.33,13.478
1670716800,13.478,13.496,12.9,12.972
1670803200,12.972,13.052,12.442,12.996
1670889600,12.996,14.434,12.548,13.75
1670976000,13.75,14.185,13.542,13.71
1671062400,13.71,13.895,13.061,13.17
1671148800,13.17,13.29,11.57,11.828
1671235200,11.828,11.99,11.509,11.943
1671321600,11.943,12.024,11.775,11.92
1671408000,11.92,12.093,11.106,11.383
1671494400,11.383,12.046,11.318,11.939
1671580800,11.939,11.985,11.613,11.698
1671667200,11.698,11.872,11.44,11.847
1671753600,11.847,11.883,11.615,11.775
1671840000,11.775,11.826,11.631,11.67
1671926400,11.67,11.728,11.495,11.673
1672012800,11.673,11.77,11.558,11.707
1672099200,11.707,11.798,11.522,11.641
1672185600,11.641,11.672,11.07,11.204
1672272000,11.204,11.222,10.591,10.967
1672358400,10.967,10.975,10.533,10.869
1672444800,10.869,11.074,10.833,10.903
1672531200,10.903,10.931,10.64,10.86
1672617600,10.86,11.301,10.695,11.162
1672704000,11.162,11.551,11.058,11.377
1672790400,11.377,12.286,11.34,12.072
1672876800,12.072,12.173,11.645,11.743
1672963200,11.743,11.818,11.305,11.772
1673049600,11.772,11.866,11.644,11.74
1673136000,11.74,12.15,11.577,12.086
1673222400,12.086,12.651,12.07,12.178
1673308800,12.178,12.95,12.006,12.73
1673395200,12.73,16.056,12.239,15.838
1673481600,15.838,16.534,14.444,15.446
1673568000,15.446,16.6,14.947,15.956
1673654400,15.956,18.58,15.71,16.941
1673740800,16.941,17.1,16.02,16.817
1673827200,16.817,17.372,16.0,16.762
1673913600,16.762,18.23,16.521,17.131
1674000000,17.131,17.42,15.373,15.823
1674086400,15.823,16.314,15.708,16.179
1674172800,16.179,17.579,15.854,17.496
1674259200,17.496,17.769,16.7,16.887
1674345600,16.887,18.49,16.799,17.35
1674432000,17.35,18.35,17.21,17.998
1674518400,17.998,18.994,16.73,16.995
1674604800,16.995,18.28,16.504,17.8
1674691200,17.8,18.81,17.765,18.1
1674777600,18.1,21.691,17.45,21.221
1674864000,21.221,21.83,20.035,20.539
1674950400,20.539,21.177,20.135,20.99
1675036800,20.99,21.326,19.298,19.75
1675123200,19.75,20.206,19.31,19.807
1675209600,19.807,21.062,18.7,20.966
1675296000,20.966,22.799,20.806,21.218
1675382400,21.218,21.947,20.68,21.375
1675468800,21.375,21.7,20.812,21.032
1675555200,21.032,21.155,19.702,20.089
1675641600,20.089,20.437,19.4,19.574
1675728000,19.574,20.99,19.516,20.851
1675814400,20.851,21.046,19.623,20.11
1675900800,20.11,20.252,17.367,17.891
1675987200,17.891,18.237,17.452,17.769
1676073600,17.769,18.101,17.639,17.995
1676160000,17.995,18.475,17.5,17.766
1676246400,17.766,17.848,16.821,17.616
1676332800,17.616,18.29,17.09,18.141
1676419200,18.141,19.964,17.9,19.957
1676505600,19.957,20.4,18.552,18.595
1676592000,18.595,19.64,18.475,19.456
1676678400,19.456,20.108,19.3,19.56
1676764800,19.56,20.434,19.241,19.83
1676851200,19.83,21.387,19.0,20.847
1676937600,20.847,21.689,19.901,20.995
1677024000,20.995,21.59,19.572,20.311
1677110400,20.311,20.749,19.514,19.718
1677196800,19.718,19.837,18.017,18.38
1677283200,18.38,18.594,17.409,17.931
1677369600,17.931,18.564,17.808,18.421
1677456000,18.421,18.642,17.7,17.917
1677542400,17.917,17.939,16.9,17.08
1677628800,17.08,17.829,16.964,17.765
1677715200,17.765,17.858,17.102,17.464
1677801600,17.464,17.478,15.625,16.655
1677888000,16.655,16.9,15.718,16.134
1677974400,16.134,16.511,16.05,16.138
1678060800,16.138,16.711,15.807,16.505
1678147200,16.505,16.74,15.84,16.165
1678233600,16.165,16.252,14.957,15.102
1678320000,15.102,15.684,14.166,14.401
1678406400,14.401,15.18,13.864,14.782
1678492800,14.782,15.173,13.901,14.509
1678579200,14.509,16.4,14.191,16.176
1678665600,16.176,16.776,15.446,16.461
1678752000,16.461,17.932,16.08,17.148
1678838400,17.148,17.44,15.311,15.55
1678924800,15.55,16.081,15.224,15.819
1679011200,15.819,17.78,15.617,17.648
1679097600,17.648,18.303,16.825,16.99
1679184000,16.99,18.084,16.97,17.533
1679270400,17.533,17.789,16.518,16.631
1679356800,16.631,17.555,16.32,17.434
1679443200,17.434,17.927,16.252,16.735
1679529600,16.735,17.868,16.555,17.536
1679616000,17.536,17.648,16.65,16.952
1679702400,16.952,17.149,16.37,16.882
1679788800,16.882,17.279,16.851,17.101
1679875200,17.101,17.143,16.035,16.479
1679961600,16.479,16.843,16.28,16.708
1680048000,16.708,17.412,16.651,17.31
1680134400,17.31,17.561,16.863,17.228
1680220800,17.228,17.834,17.058,17.7
1680307200,17.7,17.891,17.53,17.788
1680393600,17.788,17.849,17.05,17.239
1680480000,17.239,17.45,16.614,17.095
1680566400,17.095,17.669,16.958,17.652
1680652800,17.652,18.387,17.601,17.99
1680739200,17.99,18.33,17.625,17.958
1680825600,17.958,18.135,17.4,17.594
1680912000,17.594,17.734,17.311,17.445
1680998400,17.445,17.639,17.234,17.527
1681084800,17.527,17.97,17.329,17.934
1681171200,17.934,18.625,17.865,18.135
1681257600,18.135,18.714,17.663,18.256
1681344000,18.256,19.088,18.109,18.835
1681430400,18.835,19.343,18.45,19.226
1681516800,19.226,19.55,19.0,19.102
1681603200,19.102,20.5,18.842,20.188
1681689600,20.188,21.313,19.93,20.54
1681776000,20.54,21.589,20.25,21.211
1681862400,21.211,21.217,18.316,18.98
1681948800,18.98,19.435,18.0,18.3
1682035200,18.3,18.511,16.5,16.922
1682121600,16.922,17.347,16.806,17.206
1682208000,17.206,17.249,16.422,16.832
1682294400,16.832,17.245,16.528,16.913
1682380800,16.913,17.765,16.729,17.619
1682467200,17.619,18.235,16.18,17.167
1682553600,17.167,17.919,17.096,17.712
1682640000,17.712,17.805,17.201,17.54
1682726400,17.54,17.72,17.27,17.48
1682812800,17.48,17.844,17.041,17.083
1682899200,17.083,17.213,16.505,16.638
1682985600,16.638,16.964,16.47,16.839
1683072000,16.839,17.374,16.383,17.208
1683158400,17.208,17.262,16.765,16.91
1683244800,16.91,17.413,16.703,17.368
1683331200,17.368,17.5,16.42,16.572
1683417600,16.572,16.717,16.237,16.402
1683504000,16.402,16.494,14.901,15.397
1683590400,15.397,15.565,15.21,15.307
1683676800,15.307,15.72,14.699,15.507
1683763200,15.507,15.525,14.757,14.948
1683849600,14.948,15.208,14.496,15.18
1683936000,15.18,15.198,14.894,14.909
1684022400,14.909,15.14,14.785,15.017
1684108800,15.017,15.346,14.798,15.078
1684195200,15.078,15.151,14.726,14.898
1684281600,14.898,15.293,14.616,15.168
1684368000,15.168,15.185,14.407,14.676
1684454400,14.676,14.834,14.56,14.672
1684540800,14.672,14.695,14.523,14.618
1684627200,14.618,14.69,14.176,14.308
1684713600,14.308,14.769,14.072,14.673
1684800000,14.673,14.962,14.597,14.714
1684886400,14.714,14.717,13.999,14.132
1684972800,14.132,14.251,13.7,14.081
1685059200,14.081,14.39,13.955,14.325
1685145600,14.325,14.62,14.259,14.558
1685232000,14.558,15.051,14.24,14.899
1685318400,14.899,14.979,14.352,14.468
1685404800,14.468,14.724,14.359,14.437
1685491200,14.437,14.46,13.938,14.1
1685577600,14.1,14.293,13.807,14.08
1685664000,14.08,14.565,13.964,14.485
1685750400,14.485,14.59,14.384,14.574
1685836800,14.574,14.934,14.513,14.782
1685923200,14.782,14.898,13.46,13.864
1686009600,13.864,14.672,13.812,14.619
1686096000,14.619,14.698,13.949,14.014
1686182400,14.014,14.094,13.776,13.917
1686268800,13.917,14.249,13.704,13.75
1686355200,13.75,13.758,9.796,11.636
1686441600,11.636,11.8,11.424,11.567
1686528000,11.567,11.599,11.166,11.508
1686614400,11.508,12.064,11.419,11.787
1686700800,11.787,11.955,11.184,11.371
1686787200,11.371,11.561,11.022,11.397
1686873600,11.397,11.721,11.18,11.539
1686960000,11.539,11.841,11.463,11.618
1687046400,11.618,11.624,11.234,11.329
1687132800,11.329,11.514,11.163,11.467
1687219200,11.467,12.121,11.17,12.116
1687305600,12.116,13.035,12.059,12.89
1687392000,12.89,13.227,12.578,12.651
1687478400,12.651,13.506,12.616,13.282
1687564800,13.282,13.392,12.729,13.01
1687651200,13.01,13.677,12.961,13.429
1687737600,13.429,13.688,12.954,13.15
1687824000,13.15,13.467,13.088,13.191
1687910400,13.191,13.211,12.076,12.337
1687996800,12.337,12.954,12.259,12.667
1688083200,12.667,13.325,12.105,13.024
1688169600,13.024,13.153,12.826,12.997
1688256000,12.997,13.214,12.703,13.123
1688342400,13.123,13.591,13.065,13.248
1688428800,13.248,13.41,12.997,13.036
1688515200,13.036,13.154,12.478,12.659
1688601600,12.659,13.111,12.229,12.352
1688688000,12.352,12.747,12.236,12.729
1688774400,12.729,13.881,12.715,13.631
1688860800,13.631,14.195,13.561,13.582
1688947200,13.582,13.843,13.158,13.378
1689033600,13.378,13.683,13.151,13.258
1689120000,13.258,13.359,12.84,13.008
1689206400,13.008,14.198,12.881,14.117
1689292800,14.117,15.982,14.035,14.642
1689379200,14.642,15.348,14.41,14.846
1689465600,14.846,14.93,14.153,14.28
1689552000,14.28,14.617,13.832,14.392
1689638400,14.392,14.582,13.59,13.802
1689724800,13.802,14.265,13.752,13.989
1689811200,13.989,14.419,13.671,13.861
1689897600,13.861,14.064,13.716,13.976
1689984000,13.976,14.055,13.292,13.514
1690070400,13.514,13.747,13.383,13.532
1690156800,13.532,13.593,12.766,13.099
1690243200,13.099,13.552,13.029,13.329
1690329600,13.329,13.451,13.072,13.256
1690416000,13.256,13.424,13.012,13.148
1690502400,13.148,13.29,13.003,13.22
1690588800,13.22,13.29,13.142,13.228
1690675200,13.228,13.405,12.897,13.122
1690761600,13.122,13.276,12.688,12.806
1690848000,12.806,12.893,12.515,12.881
1690934400,12.881,12.953,12.405,12.537
1691020800,12.537,12.637,12.352,12.436
1691107200,12.436,12.609,12.227,12.4
1691193600,12.4,12.449,12.275,12.441
1691280000,12.441,12.664,12.418,12.593
1691366400,12.593,12.758,12.189,12.465
1691452800,12.465,12.787,12.377,12.685
1691539200,12.685,12.797,12.488,12.627
1691625600,12.627,12.658,12.464,12.48
1691712000,12.48,12.546,12.346,12.442
1691798400,12.442,12.486,12.346,12.388
1691884800,12.388,12.421,12.192,12.266
1691971200,12.266,12.457,12.165,12.366
1692057600,12.366,12.377,11.27,11.822
1692144000,11.822,11.859,11.075,11.376
1692230400,11.376,11.5,9.633,10.568
1692316800,10.568,10.993,10.526,10.798
1692403200,10.798,10.883,10.556,10.809
1692489600,10.809,10.917,10.729,10.855
1692576000,10.855,10.87,10.167,10.347
1692662400,10.347,10.374,9.788,10.134
1692748800,10.134,10.467,10.047,10.325
1692835200,10.325,10.351,9.964,10.111
1692921600,10.111,10.127,9.876,10.043
1693008000,10.043,10.127,10.001,10.088
1693094400,10.088,10.272,10.063,10.196
1693180800,10.196,10.44,9.913,10.365
1693267200,10.365,11.198,10.32,10.808
1693353600,10.808,10.823,10.327,10.399
1693440000,10.399,10.543,9.901,9.978
1693526400,9.978,10.057,9.747,9.92
1693612800,9.92,9.96,9.751,9.906
1693699200,9.906,9.988,9.816,9.868
1693785600,9.868,10.043,9.67,9.805
1693872000,9.805,9.96,9.651,9.908
1693958400,9.908,10.05,9.799,9.94
1694044800,9.94,10.133,9.827,10.087
1694131200,10.087,10.152,9.852,9.918
1694217600,9.918,9.92,9.824,9.83
1694304000,9.83,9.833,9.345,9.458
1694390400,9.458,9.508,9.073,9.227
1694476800,9.227,9.552,9.191,9.206
1694563200,9.206,9.431,9.096,9.284
1694649600,9.284,9.47,9.247,9.394
1694736000,9.394,9.52,9.182,9.422
1694822400,9.422,9.609,9.353,9.374
1694908800,9.374,9.376,9.007,9.089
1694995200,9.089,9.309,8.81,9.101
1695081600,9.101,9.303,9.031,9.205
1695168000,9.205,9.229,8.879,9.041
1695254400,9.041,9.109,8.762,8.818
1695340800,8.818,8.92,8.725,8.858
1695427200,8.858,8.98,8.819,8.9
1695513600,8.9,9.04,8.751,8.776
1695600000,8.776,8.958,8.622,8.944
1695686400,8.944,9.062,8.887,9.04
1695772800,9.04,9.185,8.814,8.927
1695859200,8.927,9.347,8.905,9.262
1695945600,9.262,9.361,9.069,9.167
1696032000,9.167,9.291,9.111,9.236
1696118400,9.236,9.823,9.21,9.749
1696204800,9.749,9.825,9.146,9.312
1696291200,9.312,9.479,9.221,9.409
1696377600,9.409,10.26,9.115,10.092
1696464000,10.092,10.323,9.812,10.123
1696550400,10.123,10.832,10.122,10.649
1696636800,10.649,11.8,10.247,10.342
1696723200,10.342,10.525,9.951,10.079
1696809600,10.079,10.079,9.279,9.536
1696896000,9.536,9.832,9.417,9.518
1696982400,9.518,9.566,9.205,9.297
1697068800,9.297,9.315,8.879,9.107
1697155200,9.107,9.335,9.022,9.146
1697241600,9.146,9.244,9.105,9.14
1697328000,9.14,9.259,9.066,9.173
1697414400,9.173,9.811,9.156,9.391
1697500800,9.391,9.398,9.0,9.1
1697587200,9.1,9.203,8.832,8.901
1697673600,8.901,9.107,8.636,9.058
1697760000,9.058,9.377,9.018,9.212
1697846400,9.212,9.804,9.165,9.628
1697932800,9.628,10.078,9.53,10.078
1698019200,10.078,10.679,9.852,10.588
1698105600,10.588,10.804,10.071,10.323
1698192000,10.323,10.639,10.169,10.525
1698278400,10.525,11.469,10.367,11.05
1698364800,11.05,11.066,10.394,10.596
1698451200,10.596,11.083,10.555,10.974
1698537600,10.974,11.437,10.792,11.379
1698624000,11.379,11.688,11.064,11.469
1698710400,11.469,11.766,10.986,11.328
1698796800,11.328,12.335,10.891,12.239
1698883200,12.239,12.55,11.44,11.886
1698969600,11.886,12.195,11.433,12.12
1699056000,12.12,12.333,11.925,12.224
1699142400,12.224,12.69,12.103,12.362
1699228800,12.362,13.174,12.236,13.085
1699315200,13.085,13.11,12.296,12.815
1699401600,12.815,13.158,12.666,12.993
1699488000,12.993,13.978,11.774,12.967
1699574400,12.967,14.87,12.894,14.761
1699660800,14.761,17.016,14.009,16.808
1699747200,16.808,19.759,15.899,18.971
1699833600,18.971,19.771,16.112,16.122
1699920000,16.122,18.101,15.579,17.054
1700006400,17.054,20.963,17.017,20.707
1700092800,20.707,24.094,20.267,21.715
1700179200,21.715,24.674,20.009,21.921
1700265600,21.921,22.68,20.189,21.999
1700352000,21.999,23.046,20.763,22.862
1700438400,22.862,23.268,20.716,20.85
1700524800,20.85,22.289,18.93,19.023
1700611200,19.023,21.247,18.969,20.787
1700697600,20.787,21.484,20.431,20.642
1700784000,20.642,21.872,20.46,20.888
1700870400,20.888,21.488,20.63,21.374
1700956800,21.374,21.523,20.092,21.077
1701043200,21.077,21.313,19.811,20.359
1701129600,20.359,20.865,19.519,20.698
1701216000,20.698,21.571,20.558,21.125
1701302400,21.125,21.518,20.812,21.408
1701388800,21.408,22.645,21.121,21.878
1701475200,21.878,22.443,21.759,22.252
1701561600,22.252,22.765,21.592,21.957
1701648000,21.957,23.225,20.684,22.725
1701734400,22.725,24.835,21.818,24.567
1701820800,24.567,27.704,24.479,26.226
1701907200,26.226,27.91,25.764,26.282
1701993600,26.282,30.817,26.054,30.458
1702080000,30.458,34.306,30.494,31.912
1702166400,31.912,38.002,31.549,37.184
1702252800,37.184,39.436,31.873,38.101
1702339200,38.101,42.921,36.053,37.491
1702425600,37.491,41.466,34.087,39.007
1702512000,39.007,40.325,36.264,39.291
1702598400,39.291,42.331,38.521,39.737
1702684800,39.737,45.368,38.5,42.237
1702771200,42.237,44.029,40.326,40.623
1702857600,40.623,41.431,36.569,41.141
1702944000,41.141,42.155,38.772,39.749
1703030400,39.749,44.543,39.089,43.475
1703116800,43.475,47.49,43.11,46.018
1703203200,46.018,48.965,43.739,45.358
1703289600,45.358,48.344,43.396,48.141
1703376000,48.141,50.014,46.429,47.719
1703462400,47.719,48.996,46.004,48.246
1703548800,48.246,48.404,40.644,44.41
1703635200,44.41,44.969,41.952,42.439
1703721600,42.439,43.438,39.307,39.832
1703808000,39.832,42.158,38.566,40.219
1703894400,40.219,40.406,38.202,39.379
1703980800,39.379,40.595,37.518,38.586
1704067200,38.586,42.05,38.079,41.974
1704153600,41.974,43.484,40.363,40.645
1704240000,40.645,41.466,32.0,36.768
1704326400,36.768,39.429,36.093,38.707
1704412800,38.707,38.908,34.995,36.446
1704499200,36.446,36.506,33.432,34.634
1704585600,34.634,35.765,33.099,33.623
1704672000,33.623,36.399,31.167,36.076
1704758400,36.076,37.587,33.796,34.641
1704844800,34.641,39.52,33.362,38.544
1704931200,38.544,41.743,37.536,39.31
1705017600,39.31,39.588,34.429,35.923
1705104000,35.923,36.625,34.717,36.482
1705190400,36.482,37.869,35.288,35.294
1705276800,35.294,36.823,35.154,35.605
1705363200,35.605,36.558,34.779,35.567
1705449600,35.567,36.526,35.258,36.07
1705536000,36.07,36.192,32.728,33.588
1705622400,33.588,33.745,31.202,32.727
1705708800,32.727,32.993,32.038,32.886
1705795200,32.886,33.492,32.445,32.534
1705881600,32.534,32.736,29.325,29.532
1705968000,29.532,30.677,27.216,30.608
1706054400,30.608,31.886,29.492,31.179
1706140800,31.179,31.346,29.617,30.508
1706227200,30.508,33.072,30.12,32.254
1706313600,32.254,33.287,31.854,33.255
1706400000,33.255,36.704,33.184,34.805
1706486400,34.805,36.54,34.329,36.041
1706572800,36.041,37.141,35.002,35.212
1706659200,35.212,35.483,33.132,33.18
1706745600,33.18,33.933,32.305,33.841
1706832000,33.841,36.947,33.742,36.761
1706918400,36.761,37.606,35.4,35.951
1707004800,35.951,36.543,34.69,34.853
1707091200,34.853,35.895,34.103,34.529
1707177600,34.529,34.736,33.715,34.145
1707264000,34.145,35.505,33.637,35.296
1707350400,35.296,36.13,35.082,35.421
1707436800,35.421,38.611,35.404,38.02
1707523200,38.02,41.219,38.008,40.203
1707609600,40.203,41.201,39.371,39.716
1707696000,39.716,41.216,38.38,40.987
1707782400,40.987,41.727,38.928,39.755
1707868800,39.755,42.451,39.163,42.246
1707955200,42.246,43.639,40.972,41.576
1708041600,41.576,41.826,39.48,40.276
1708128000,40.276,40.489,38.399,39.781
1708214400,39.781,40.784,39.009,40.317
1708300800,40.317,40.663,39.15,39.538
1708387200,39.538,39.749,36.727,38.526
1708473600,38.526,38.578,35.918,37.618
1708560000,37.618,38.239,36.538,36.8
1708646400,36.8,36.986,35.194,35.944
1708732800,35.944,36.98,35.221,36.782
1708819200,36.782,37.517,36.457,37.495
1708905600,37.495,39.394,36.314,39.338
1708992000,39.338,39.986,38.344,39.287
1709078400,39.287,41.401,35.945,40.376
1709164800,40.376,44.733,39.674,40.989
1709251200,40.989,43.427,41.004,42.697
1709337600,42.697,44.644,42.04,44.436
1709424000,44.436,44.959,40.02,42.639
1709510400,42.639,44.082,41.45,43.138
1709596800,43.138,45.279,34.092,39.442
1709683200,39.442,42.169,37.939,41.592
1709769600,41.592,44.543,41.596,43.257
1709856000,43.257,44.027,41.177,42.665
1709942400,42.665,43.605,42.387,42.964
1710028800,42.964,43.991,40.951,42.083
1710115200,42.083,49.627,40.038,49.166
1710201600,49.166,57.404,46.464,55.557
1710288000,55.557,55.575,52.288,54.844
1710374400,54.844,59.344,50.541,54.013
1710460800,54.013,58.9,48.346,58.404
1710547200,58.404,61.513,52.026,53.478
1710633600,53.478,58.533,50.127,58.483
1710720000,58.483,65.458,55.332,60.716
1710806400,60.716,61.998,53.2,53.665
1710892800,53.665,58.162,50.472,57.096
1710979200,57.096,57.915,52.823,53.87
1711065600,53.87,57.765,51.647,53.456
1711152000,53.456,56.017,52.654,53.483
1711238400,53.483,55.867,52.463,55.73
1711324800,55.73,59.192,55.004,57.804
1711411200,57.804,59.329,55.41,55.826
1711497600,55.826,56.79,53.039,54.15
1711584000,54.15,55.111,53.236,54.681
1711670400,54.681,54.728,52.573,53.395
1711756800,53.395,54.695,52.808,52.974
1711843200,52.974,54.351,52.928,54.135
1711929600,54.135,54.207,50.3,51.434
1712016000,51.434,51.431,46.341,46.899
1712102400,46.899,48.323,45.0,45.909
1712188800,45.909,48.205,45.454,46.534
1712275200,46.534,46.627,44.016,45.338
1712361600,45.338,48.855,45.076,48.21
1712448000,48.21,49.519,47.928,49.347
1712534400,49.347,50.844,48.264,49.906
1712620800,49.906,50.012,46.399,46.501
1712707200,46.501,48.044,45.123,47.335
1712793600,47.335,47.537,45.627,46.064
1712880000,46.064,46.909,33.279,39.332
1712966400,39.332,39.332,28.858,33.882
1713052800,33.882,37.876,32.636,37.251
1713139200,37.251,38.575,34.115,35.136
1713225600,35.136,35.88,32.673,34.733
1713312000,34.733,35.346,32.224,33.55
1713398400,33.55,35.587,32.797,34.831
1713484800,34.831,36.109,31.916,34.651
1713571200,34.651,38.466,34.105,38.291
1713657600,38.291,38.749,36.352,37.114
1713744000,37.114,39.679,36.741,39.163
1713830400,39.163,39.878,37.951,38.281
1713916800,38.281,39.82,36.01,36.352
1714003200,36.352,36.722,34.691,35.561
1714089600,35.561,35.849,34.248,34.41
1714176000,34.41,35.117,33.077,34.448
1714262400,34.448,35.371,33.773,33.939
1714348800,33.939,35.843,32.812,35.269
1714435200,35.269,35.705,31.91,32.683
1714521600,32.683,33.929,30.598,33.308
1714608000,33.308,34.105,32.29,33.561
1714694400,33.561,35.912,33.287,35.529
1714780800,35.529,37.662,35.165,37.329
1714867200,37.329,37.957,36.654,37.329
1714953600,37.329,39.861,36.764,37.099
1715040000,37.099,37.587,35.254,35.294
1715126400,35.294,35.486,33.617,33.995
1715212800,33.995,35.362,33.719,35.038
1715299200,35.038,36.088,33.222,33.696
1715385600,33.696,34.026,33.042,33.481
1715472000,33.481,33.976,32.838,33.114
1715558400,33.114,33.803,31.91,32.444
1715644800,32.444,33.321,31.466,31.56
1715731200,31.56,34.772,31.346,34.657
1715817600,34.657,34.996,33.736,34.45
1715904000,34.45,37.588,34.25,36.409
1715990400,36.409,37.636,36.326,37.221
1716076800,37.221,37.736,35.373,35.579
1716163200,35.579,40.267,35.13,40.12
1716249600,40.12,41.395,39.684,41.224
1716336000,41.224,41.82,39.217,40.037
1716422400,40.037,40.495,36.25,38.523
1716508800,38.523,39.005,36.96,38.011
1716595200,38.011,38.724,37.713,38.29
1716681600,38.29,38.314,36.471,36.761
1716768000,36.761,38.975,36.665,38.287
1716854400,38.287,38.43,36.561,37.046
1716940800,37.046,37.528,36.174,36.216
1717027200,36.216,37.117,35.323,35.995
1717113600,35.995,36.815,35.224,36.049
1717200000,36.049,36.26,35.712,35.781
1717286400,35.781,36.215,34.785,34.936
1717372800,34.936,36.302,34.596,35.049
1717459200,35.049,36.305,34.459,36.096
1717545600,36.096,36.936,35.957,36.596
1717632000,36.596,37.237,35.745,35.918
1717718400,35.918,36.924,30.858,33.516
1717804800,33.516,33.73,31.921,32.263
1717891200,32.263,33.01,32.029,32.977
1717977600,32.977,33.465,32.023,32.279
1718064000,32.279,32.389,30.598,31.546
1718150400,31.546,33.993,30.791,33.279
1718236800,33.279,33.442,30.905,30.995
1718323200,30.995,32.12,29.282,30.274
1718409600,30.274,30.633,29.904,29.993
1718496000,29.993,30.466,29.66,30.06
1718582400,30.06,30.334,27.296,28.45
1718668800,28.45,28.537,24.805,26.584
1718755200,26.584,27.645,26.377,26.928
1718841600,26.928,28.87,26.672,27.571
1718928000,27.571,28.015,26.925,27.47
1719014400,27.47,27.498,24.596,25.605
1719100800,25.605,25.998,24.112,25.069
1719187200,25.069,25.24,23.5,24.788
1719273600,24.788,25.77,24.599,25.39
1719360000,25.39,26.633,25.27,25.809
1719446400,25.809,28.359,25.341,27.904
1719532800,27.904,29.054,27.657,27.956
1719619200,27.956,28.648,27.575,27.757
1719705600,27.757,29.55,27.41,29.354
1719792000,29.354,30.104,28.809,28.819
1719878400,28.819,28.905,28.09,28.694
1719964800,28.694,28.96,26.429,26.495
1720051200,26.495,26.679,24.282,24.435
1720137600,24.435,25.422,21.824,25.12
1720224000,25.12,27.599,24.861,27.388
1720310400,27.388,27.479,25.449,25.736
1720396800,25.736,27.2,24.532,25.189
1720483200,25.189,26.49,24.681,26.422
1720569600,26.422,27.401,25.608,25.739
1720656000,25.739,26.346,24.996,25.184
1720742400,25.184,26.078,24.803,25.951
1720828800,25.951,26.325,25.512,25.838
1720915200,25.838,26.655,25.579,26.337
1721001600,26.337,27.87,26.248,27.821
1721088000,27.821,29.224,26.438,27.994
1721174400,27.994,29.003,27.2,27.225
1721260800,27.225,27.92,26.57,27.119
1721347200,27.119,28.402,26.635,28.148
1721433600,28.148,29.17,27.776,29.088
1721520000,29.088,32.974,28.541,32.628
1721606400,32.628,32.948,31.308,31.859
1721692800,31.859,32.628,29.421,29.798
1721779200,29.798,30.529,28.259,28.36
1721865600,28.36,28.568,26.241,27.222
1721952000,27.222,28.833,27.16,28.694
1722038400,28.694,29.498,27.574,28.033
1722124800,28.033,28.157,27.084,27.379
1722211200,27.379,28.834,26.959,26.974
1722297600,26.974,27.29,26.008,26.303
1722384000,26.303,26.85,25.43,25.691
1722470400,25.691,25.916,23.987,25.687
1722556800,25.687,25.887,23.335,23.585
1722643200,23.585,24.1,22.173,22.662
1722729600,22.662,22.941,20.588,21.238
1722816000,21.238,21.367,17.311,19.52
1722902400,19.52,21.435,19.5,20.875
1722988800,20.875,21.677,19.681,19.842
1723075200,19.842,22.782,19.508,22.724
1723161600,22.724,22.786,21.288,21.731
1723248000,21.731,22.037,21.395,21.564
1723334400,21.564,22.346,20.362,20.387
1723420800,20.387,21.698,20.293,21.246
1723507200,21.246,21.608,20.581,21.368
1723593600,21.368,21.853,20.765,20.938
1723680000,20.938,21.139,19.832,20.107
1723766400,20.107,20.664,19.772,20.358
1723852800,20.358,20.694,20.215,20.688
1723939200,20.688,21.502,20.524,20.803
1724025600,20.803,21.234,20.372,21.195
1724112000,21.195,22.776,21.146,22.247
1724198400,22.247,23.779,22.228,23.519
1724284800,23.519,25.287,23.034,25.2
1724371200,25.2,26.994,25.193,26.484
1724457600,26.484,27.973,26.184,27.102
1724544000,27.102,27.663,26.131,26.898
1724630400,26.898,27.175,25.882,25.929
1724716800,25.929,26.791,23.667,24.068
1724803200,24.068,24.814,23.18,23.426
1724889600,23.426,24.662,22.77,22.879
1724976000,22.879,23.619,22.19,23.273
1725062400,23.273,23.389,22.462,22.787
1725148800,22.787,22.82,21.16,21.406
1725235200,21.406,22.556,21.353,22.351
1725321600,22.351,22.713,21.343,21.373
1725408000,21.373,22.295,20.455,21.893
1725494400,21.893,22.166,21.211,21.357
1725580800,21.357,22.172,20.464,21.141
1725667200,21.141,21.996,21.041,21.783
1725753600,21.783,23.485,21.704,23.231
1725840000,23.231,24.363,23.122,23.83
1725926400,23.83,24.565,23.558,24.337
1726012800,24.337,24.506,22.868,23.266
1726099200,23.266,24.096,23.252,24.005
1726185600,24.005,25.084,23.653,24.9
1726272000,24.9,25.649,24.605,25.319
1726358400,25.319,25.37,23.625,23.779
1726444800,23.779,24.219,23.205,23.496
1726531200,23.496,24.477,23.142,23.762
1726617600,23.762,24.725,22.778,24.692
1726704000,24.692,26.782,24.692,26.651
1726790400,26.651,28.758,26.451,27.655
1726876800,27.655,28.116,27.001,27.764
1726963200,27.764,27.782,26.439,27.286
1727049600,27.286,28.154,26.548,27.374
1727136000,27.374,28.543,26.823,28.461
1727222400,28.461,28.487,27.139,27.266
1727308800,27.266,29.424,26.947,29.15
1727395200,29.15,30.843,28.921,30.424
1727481600,30.424,30.741,29.024,29.277
1727568000,29.277,29.457,28.227,29.018
1727654400,29.018,29.102,27.538,27.698
1727740800,27.698,28.87,25.009,25.803
1727827200,25.803,26.765,25.007,25.316
1727913600,25.316,25.647,23.869,24.633
1728000000,24.633,26.469,24.411,26.248
1728086400,26.248,26.405,25.092,25.646
1728172800,25.646,27.067,25.479,26.916
1728259200,26.916,27.726,26.502,26.549
1728345600,26.549,27.169,26.012,26.335
1728432000,26.335,26.68,25.662,25.761
1728518400,25.761,26.354,25.051,25.842
1728604800,25.842,27.589,25.736,27.451
1728691200,27.451,29.364,27.389,28.624
1728777600,28.624,29.347,28.28,29.048
1728864000,29.048,29.852,28.641,29.039
1728950400,29.039,29.615,27.511,28.197
1729036800,28.197,28.206,27.238,28.007
1729123200,28.007,28.254,26.792,27.286
1729209600,27.286,28.148,27.088,28.077
1729296000,28.077,28.446,27.702,28.088
1729382400,28.088,29.001,27.751,28.97
1729468800,28.97,29.332,27.365,27.737
1729555200,27.737,28.217,27.224,27.629
1729641600,27.629,27.69,25.869,26.734
1729728000,26.734,27.233,26.369,26.818
1729814400,26.818,26.87,23.959,24.907
1729900800,24.907,25.663,24.529,25.388
1729987200,25.388,25.928,25.226,25.75
1730073600,25.75,26.521,25.033,26.252
1730160000,26.252,27.151,26.169,26.868
1730246400,26.868,26.898,25.987,26.162
1730332800,26.162,26.212,24.659,24.999
1730419200,24.999,25.7,24.382,24.774
1730505600,24.774,25.001,23.935,24.101
1730592000,24.101,24.189,22.59,23.518
1730678400,23.518,23.913,22.336,22.717
1730764800,22.717,24.466,22.584,23.972
1730851200,23.972,27.31,23.972,27.012
1730937600,27.012,28.019,26.535,27.393
1731024000,27.393,28.801,27.113,28.786
1731110400,28.786,30.503,28.48,30.389
1731196800,30.389,33.323,29.692,31.904
1731283200,31.904,35.832,30.73,35.748
1731369600,35.748,37.735,32.699,33.968
1731456000,33.968,35.076,31.227,33.13
1731542400,33.13,34.748,30.679,31.205
1731628800,31.205,33.316,30.586,33.133
1731715200,33.133,35.759,32.786,35.17
1731801600,35.17,37.3,33.105,34.736
1731888000,34.736,36.181,34.091,35.51
1731974400,35.51,35.669,33.533,34.232
1732060800,34.232,35.772,32.781,33.594
1732147200,33.594,36.241,32.318,35.871
1732233600,35.871,43.567,35.215,43.213
1732320000,43.213,45.311,40.72,41.459
1732406400,41.459,43.177,38.301,42.089
1732492800,42.089,47.946,40.059,41.336
1732579200,41.336,43.39,38.521,42.75
1732665600,42.75,44.487,41.979,43.814
1732752000,43.814,44.294,41.525,42.806
1732838400,42.806,45.09,42.566,44.891
1732924800,44.891,46.305,43.718,44.844
1733011200,44.844,45.845,43.667,45.133
1733097600,45.133,52.53,45.044,52.306
1733184000,52.306,53.985,47.874,50.931
1733270400,50.931,55.86,50.881,52.82
1733356800,52.82,53.683,48.5,50.319
1733443200,50.319,53.629,49.64,52.517
1733529600,52.517,53.14,51.241,51.633
1733616000,51.633,54.46,50.384,54.024
1733702400,54.024,54.266,39.724,44.974
1733788800,44.974,46.464,41.305,44.587
1733875200,44.587,48.441,42.808,48.438
1733961600,48.438,55.396,48.181,53.138
1734048000,53.138,53.997,50.708,52.78
1734134400,52.78,53.835,49.362,49.829
1734220800,49.829,51.385,48.082,50.763
1734307200,50.763,52.045,48.325,48.978
1734393600,48.978,50.864,47.517,47.894
1734480000,47.894,48.178,42.338,42.746
1734566400,42.746,43.586,37.439,38.805
1734652800,38.805,40.355,33.579,39.834
1734739200,39.834,42.329,36.904,37.408
1734825600,37.408,38.524,35.521,36.556
1734912000,36.556,39.722,35.601,39.083
1734998400,39.083,42.035,37.684,41.223
1735084800,41.223,41.866,39.801,40.236
1735171200,40.236,40.709,36.96,37.309
1735257600,37.309,39.013,36.279,36.552
1735344000,36.552,38.13,36.267,37.728
1735430400,37.728,37.791,35.512,35.814
1735516800,35.814,37.172,34.864,35.96
1735603200,35.96,37.287,34.915,35.685
1735689600,35.685,37.991,34.935,37.77
1735776000,37.77,40.594,37.77,39.275
1735862400,39.275,42.194,38.901,41.955
1735948800,41.955,42.841,40.896,42.624
1736035200,42.624,43.212,41.241,43.111
1736121600,43.111,45.055,42.027,44.047
1736208000,44.047,44.573,39.128,39.189
1736294400,39.189,39.908,36.169,37.4
1736380800,37.4,37.924,35.483,36.177
1736467200,36.177,37.914,35.961,36.645
1736553600,36.645,37.771,36.001,37.114
1736640000,37.114,37.619,36.101,36.539
1736726400,36.539,37.351,32.701,35.27
1736812800,35.27,36.707,34.998,36.549
1736899200,36.549,40.022,36.186,39.811
1736985600,39.811,40.521,38.319,40.05
1737072000,40.05,41.818,40.05,41.36
1737158400,41.36,41.671,38.281,39.221
1737244800,39.221,40.562,34.963,35.655
1737331200,35.655,40.388,34.467,36.009
1737417600,36.009,37.577,34.49,36.952
1737504000,36.952,37.778,36.484,36.798
1737590400,36.798,36.951,34.613,35.542
1737676800,35.542,36.776,34.534,35.32
1737763200,35.32,37.254,34.876,36.605
1737849600,36.605,38.153,35.687,35.73
1737936000,35.73,36.028,32.844,34.173
1738022400,34.173,34.508,31.804,32.043
1738108800,32.043,33.825,31.866,32.775
1738195200,32.775,34.682,32.413,34.278
1738281600,34.278,36.159,33.795,34.419
1738368000,34.419,35.092,31.848,32.089
1738454400,32.089,32.564,25.862,27.613
1738540800,27.613,28.763,21.216,28.382
1738627200,28.382,28.62,25.518,26.448
1738713600,26.448,27.4,25.6,25.837
1738800000,25.837,26.803,24.245,24.492
1738886400,24.492,26.207,23.688,24.447
1738972800,24.447,24.812,23.901,24.569
1739059200,24.569,25.513,23.636,24.86
1739145600,24.86,25.977,23.842,25.657
1739232000,25.657,27.009,24.871,25.378
1739318400,25.378,27.086,24.265,26.491
1739404800,26.491,26.606,25.069,25.381
1739491200,25.381,27.219,25.281,26.371
1739577600,26.371,26.95,25.375,25.468
1739664000,25.468,25.57,24.707,24.842
1739750400,24.842,25.944,24.398,25.017
1739836800,25.017,25.111,22.921,23.513
1739923200,23.513,24.005,22.964,23.714
1740009600,23.714,25.343,23.697,25.141
1740096000,25.141,26.532,23.751,24.53
1740182400,24.53,26.365,24.426,25.82
1740268800,25.82,25.971,24.4,24.834
1740355200,24.834,25.163,21.435,21.863
1740441600,21.863,22.323,20.296,21.937
1740528000,21.937,22.573,20.988,21.859
1740614400,21.859,23.383,21.631,22.517
1740700800,22.517,22.599,20.212,22.368
1740787200,22.368,22.497,21.04,21.848
1740873600,21.848,24.985,21.558,24.943
1740960000,24.943,25.099,20.558,20.93
1741046400,20.93,21.097,18.828,19.982
1741132800,19.982,22.453,19.676,21.714
1741219200,21.714,22.566,20.879,20.988
1741305600,20.988,21.309,19.663,20.132
1741392000,20.132,21.076,19.404,20.488
1741478400,20.488,20.672,17.747,17.951
1741564800,17.951,19.05,16.142,16.252
1741651200,16.252,17.901,15.264,17.497
1741737600,17.497,18.961,16.933,18.904
1741824000,18.904,19.319,17.725,18.492
1741910400,18.492,19.294,18.453,18.558
1741996800,18.558,19.467,18.359,19.385
1742083200,19.385,19.837,18.104,18.244
1742169600,18.244,19.077,18.18,18.808
1742256000,18.808,19.265,18.312,18.973
1742342400,18.973,20.091,18.829,19.719
1742428800,19.719,19.855,18.39,18.738
1742515200,18.738,19.483,18.339,19.17
1742601600,19.17,19.733,19.066,19.418
1742688000,19.418,19.836,19.295,19.806
1742774400,19.806,22.124,19.775,21.471
1742860800,21.471,23.446,21.275,22.888
1742947200,22.888,23.229,21.815,22.039
1743033600,22.039,22.364,21.618,22.003
1743120000,22.003,22.177,19.755,20.351
1743206400,20.351,20.519,19.44,19.586
1743292800,19.586,19.893,18.674,18.851
1743379200,18.851,19.106,18.165,18.766
1743465600,18.766,19.932,18.704,19.809
1743552000,19.809,19.903,17.752,17.969
1743638400,17.969,18.98,17.564,18.139
1743724800,18.139,18.76,17.598,18.179
1743811200,18.179,18.368,17.696,17.872
1743897600,17.872,17.911,15.612,16.032
1743984000,16.032,17.179,14.654,16.677
1744070400,16.677,17.718,15.916,16.136
1744156800,16.136,18.9,15.578,18.428
1744243200,18.428,18.44,17.556,18.304
1744329600,18.304,19.557,18.297,19.113
1744416000,19.113,21.007,18.832,20.478
1744502400,20.478,20.656,19.265,19.578
1744588800,19.578,20.676,19.533,20.106
1744675200,20.106,20.272,18.953,19.005
1744761600,19.005,19.268,18.478,18.742
1744848000,18.742,19.548,18.679,19.037
1744934400,19.037,19.334,18.832,19.056
1745020800,19.056,20.358,19.015,19.888
1745107200,19.888,20.03,19.219,19.491
1745193600,19.491,20.948,19.491,19.906
1745280000,19.906,22.288,19.418,22.104
1745366400,22.104,23.073,21.876,22.326
1745452800,22.326,22.637,21.604,22.369
1745539200,22.369,22.858,21.766,22.15
1745625600,22.15,22.984,21.698,22.397
1745712000,22.397,22.785,21.641,21.699
1745798400,21.699,22.42,21.003,21.827
1745884800,21.827,22.287,21.255,21.548
1745971200,21.548,21.922,20.335,20.898
1746057600,20.898,21.858,20.8,21.627
1746144000,21.627,22.174,20.949,21.24
1746230400,21.24,21.266,20.463,20.508
1746316800,20.508,20.622,19.745,19.886
1746403200,19.886,20.225,19.277,19.669
1746489600,19.669,20.117,19.255,20.005
1746576000,20.005,20.244,19.065,19.538
1746662400,19.538,22.16,19.481,22.151
1746748800,22.151,23.999,21.957,23.268
1746835200,23.268,25.971,23.008,25.81
1746921600,25.81,26.025,24.138,24.777
1747008000,24.777,26.834,23.725,24.824
1747094400,24.824,26.247,23.449,25.713
1747180800,25.713,26.536,24.734,24.944
1747267200,24.944,25.129,22.923,23.493
1747353600,23.493,24.042,22.663,23.047
1747440000,23.047,23.126,21.958,22.163
1747526400,22.163,23.855,21.546,23.041
1747612800,23.041,23.183,21.248,22.244
1747699200,22.244,22.808,21.75,22.595
1747785600,22.595,23.803,22.145,23.165
1747872000,23.165,25.454,23.123,25.249
1747958400,25.249,25.969,22.912,23.063
1748044800,23.063,23.455,22.74,22.933
1748131200,22.933,23.459,22.019,23.415
1748217600,23.415,23.991,22.863,23.047
1748304000,23.047,23.87,22.496,23.361
1748390400,23.361,23.761,22.753,23.599
1748476800,23.599,24.339,22.146,22.237
1748563200,22.237,22.335,20.387,20.533
1748649600,20.533,21.116,19.759,20.785
1748736000,20.785,20.959,20.159,20.871
1748822400,20.871,21.303,20.204,21.143
1748908800,21.143,21.69,20.881,21.128
1748995200,21.128,21.636,20.045,20.076
1749081600,20.076,20.527,18.417,18.731
1749168000,18.731,19.94,18.619,19.637
1749254400,19.637,21.115,19.549,20.645
1749340800,20.645,21.481,20.131,21.039
1749427200,21.039,22.031,20.201,21.941
1749513600,21.941,22.589,21.508,22.565
1749600000,22.565,22.771,21.315,21.558
1749686400,21.558,21.618,20.142,20.273
1749772800,20.273,20.291,18.451,19.403
1749859200,19.403,19.429,18.697,18.925
1749945600,18.925,19.271,18.715,19.099
1750032000,19.099,19.986,18.89,19.049
1750118400,19.049,19.484,18.118,18.573
1750204800,18.573,18.894,18.044,18.155
1750291200,18.155,18.388,17.626,18.045
1750377600,18.045,18.405,16.934,17.356
1750464000,17.356,17.63,16.281,16.81
1750550400,16.81,17.098,15.601,16.513
1750636800,16.513,18.186,16.255,18.051
1750723200,18.051,18.476,17.88,18.225
1750809600,18.225,18.36,17.405,17.565
1750896000,17.565,18.005,17.089,17.223
1750982400,17.223,17.776,17.0,17.568
1751068800,17.568,18.066,17.473,17.967
1751155200,17.967,18.893,17.792,18.728
1751241600,18.728,18.873,17.692,17.958
1751328000,17.958,18.049,16.942,17.092
1751414400,17.092,18.826,16.957,18.519
1751500800,18.519,19.172,18.333,18.535
1751587200,18.535,18.871,17.493,17.781
1751673600,17.781,17.981,17.611,17.903
1751760000,17.903,18.612,17.726,18.28
1751846400,18.28,18.594,17.794,17.987
1751932800,17.987,18.473,17.681,18.358
1752019200,18.358,19.613,18.087,19.5
1752105600,19.5,20.781,19.336,20.706
1752192000,20.706,21.528,20.325,20.671
1752278400,20.671,21.075,20.162,20.682
1752364800,20.682,21.769,20.654,21.183
1752451200,21.183,22.066,21.002,21.255
1752537600,21.255,22.571,20.384,22.505
1752624000,22.505,23.026,21.617,22.652
1752710400,22.652,24.339,22.016,23.905
1752796800,23.905,25.038,23.06,23.516
1752883200,23.516,25.229,23.0,24.488
1752969600,24.488,25.55,24.297,25.037
1753056000,25.037,26.418,24.629,25.436
1753142400,25.436,26.097,24.703,25.899
1753228800,25.899,26.125,23.141,23.941
1753315200,23.941,24.438,22.522,23.652
1753401600,23.652,24.033,22.846,24.004
1753488000,24.004,25.783,23.848,24.93
1753574400,24.93,26.478,24.746,26.056
1753660800,26.056,27.407,24.973,25.196
1753747200,25.196,25.504,23.861,24.357
1753833600,24.357,24.496,22.417,23.301
1753920000,23.301,24.101,22.376,22.454
1754006400,22.454,22.565,21.016,21.509
1754092800,21.509,21.811,20.652,20.851
1754179200,20.851,21.524,20.566,21.355
1754265600,21.355,23.101,21.327,23.098
1754352000,23.098,23.124,21.418,21.892
1754438400,21.892,22.389,21.558,22.219
1754524800,22.219,23.357,21.938,23.351
1754611200,23.351,23.869,23.003,23.797
1754697600,23.797,24.813,23.733,24.241
1754784000,24.241,24.552,23.257,23.832
1754870400,23.832,24.618,22.635,22.776
1754956800,22.776,24.919,22.725,24.689
1755043200,24.689,25.686,24.384,25.482
1755129600,25.482,26.006,23.175,23.645
1755216000,23.645,25.656,23.443,23.751
1755302400,23.751,24.365,23.556,24.289
1755388800,24.289,25.679,24.016,25.061
1755475200,25.061,25.319,23.34,23.681
1755561600,23.681,24.051,22.299,22.35
1755648000,22.35,23.544,22.231,23.446
1755734400,23.446,23.618,22.707,22.768
1755820800,22.768,25.41,22.184,25.265
1755907200,25.265,26.777,24.484,26.262
1755993600,26.262,26.573,24.933,25.825
1756080000,25.825,25.987,23.022,23.338
1756166400,23.338,24.321,23.076,24.169
1756252800,24.169,25.322,23.861,24.419
1756339200,24.419,25.068,24.12,24.929
1756425600,24.929,25.197,23.188,23.537
1756512000,23.537,23.934,23.094,23.769
1756598400,23.769,24.195,23.361,23.383
1756684800,23.383,24.333,22.651,23.204
1756771200,23.204,24.501,23.015,24.467
1756857600,24.467,25.783,24.269,25.197
1756944000,25.197,25.268,24.167,24.206
1757030400,24.206,25.095,23.849,24.465
1757116800,24.465,24.612,24.078,24.369
1757203200,24.369,24.939,24.253,24.683
1757289600,24.683,25.801,24.533,25.283
1757376000,25.283,26.36,24.903,25.932
1757462400,25.932,29.514,25.742,29.471
1757548800,29.471,30.005,28.34,29.132
1757635200,29.132,29.392,28.216,28.966
1757721600,28.966,31.235,28.726,30.07
1757808000,30.07,30.609,28.966,29.432
1757894400,29.432,30.438,28.23,29.793
1757980800,29.793,30.969,29.166,30.056
1758067200,30.056,32.002,29.364,31.823
1758153600,31.823,35.426,31.632,35.197
1758240000,35.197,35.806,33.32,33.718
1758326400,33.718,34.093,32.843,33.154
1758412800,33.154,33.593,32.571,33.021
1758499200,33.021,33.972,27.866,33.859
1758585600,33.859,36.154,32.755,33.586
1758672000,33.586,34.827,32.253,32.291
1758758400,32.291,32.765,28.531,28.628
1758844800,28.628,29.574,27.053,29.081
1758931200,29.081,29.086,28.221,28.736
1759017600,28.736,30.178,27.921,29.982
1759104000,29.982,30.818,29.129,30.393
1759190400,30.393,30.691,28.809,30.011
1759276800,30.011,31.087,29.612,30.721
1759363200,30.721,31.373,29.491,30.964
1759449600,30.964,31.557,29.971,31.316
1759536000,31.316,31.438,29.838,30.092
1759622400,30.092,31.199,29.616,30.051
1759708800,30.051,31.027,29.918,30.611
1759795200,30.611,30.724,27.804,27.914
1759881600,27.914,29.622,27.827,28.805
1759968000,28.805,28.892,27.568,28.375
1760054400,28.375,28.613,9.58,20.611
1760140800,20.611,23.356,20.334,21.436
1760227200,21.436,23.305,20.649,22.478
1760313600,22.478,24.042,21.708,23.798
1760400000,23.798,23.883,21.795,22.723
1760486400,22.723,23.263,21.539,21.885
1760572800,21.885,22.38,20.559,20.959
1760659200,20.959,21.253,19.017,19.943
1760745600,19.943,20.41,19.816,20.205
1760832000,20.205,20.829,19.744,20.582
1760918400,20.582,21.199,20.152,20.332
1761004800,20.332,20.841,19.457,19.531
1761091200,19.531,19.709,18.396,19.006
1761177600,19.006,19.74,18.964,19.119
1761264000,19.119,19.946,19.012,19.493
1761350400,19.493,19.825,19.229,19.711
1761436800,19.711,20.942,19.333,20.815
1761523200,20.815,21.082,20.157,20.318
1761609600,20.318,20.511,19.127,19.462
1761696000,19.462,20.19,19.307,19.652
1761782400,19.652,19.958,17.516,18.101
1761868800,18.101,18.568,17.776,18.183
1761955200,18.183,18.733,18.076,18.711
1762041600,18.711,18.999,18.083,18.801
1762128000,18.801,18.907,15.901,16.645
1762214400,16.645,16.999,14.984,15.98
1762300800,15.98,16.985,15.281,16.602
1762387200,16.602,16.721,15.589,16.119
1762473600,16.119,18.035,16.043,17.74
1762560000,17.74,18.399,17.009,17.487
1762646400,17.487,17.902,16.795,17.764
1762732800,17.764,18.351,17.635,18.167
1762819200,18.167,18.599,16.961,16.994
1762905600,16.994,17.75,16.62,16.805
1762992000,16.805,17.685,15.746,16.088
1763078400,16.088,16.168,14.823,15.112
1763164800,15.112,15.773,15.089,15.519
1763251200,15.519,15.847,14.606,15.132
1763337600,15.132,15.881,14.253,14.511
1763424000,14.511,14.916,14.029,14.581
1763510400,14.581,14.686,13.688,14.282
1763596800,14.282,14.526,13.484,13.803
1763683200,13.803,13.984,12.291,13.279
1763769600,13.279,13.379,13.013,13.23
1763856000,13.23,13.461,13.203,13.266
1763942400,13.266,14.037,13.148,13.889
1764028800,13.889,14.373,13.693,14.167
1764115200,14.167,14.945,13.898,14.945
1764201600,14.945,15.154,14.851,15.011
1764288000,15.011,15.256,14.783,14.837
1764374400,14.837,14.901,14.178,14.239
1764460800,14.239,14.322,13.648,13.706
1764547200,13.706,13.725,12.544,12.745
1764633600,12.745,13.756,12.699,13.624
1764720000,13.624,15.075,13.573,14.775
1764806400,14.775,14.876,14.194,14.391
1764892800,14.391,14.518,13.106,13.201
1764979200,13.201,13.473,13.139,13.394
1765065600,13.394,13.848,12.943,13.473
1765152000,13.473,13.908,13.364,13.637
1765238400,13.637,14.73,13.491,14.599
1765324800,14.599,14.821,14.085,14.107
1765411200,14.107,14.107,12.872,13.408
1765497600,13.408,13.786,12.791,13.102
1765584000,13.102,13.458,13.087,13.362
1765670400,13.362,13.387,12.706,12.868
1765756800,12.868,13.352,12.186,12.339
1765843200,12.339,12.397,11.903,12.336
1765929600,12.336,12.651,11.693,11.856
1766016000,11.856,12.313,11.266,11.431
1766102400,11.431,12.458,11.262,12.25
1766188800,12.25,12.371,12.118,12.202
1766275200,12.202,12.329,11.944,12.14
1766361600,12.14,12.443,12.001,12.411
1766448000,12.411,12.542,11.824,12.174
1766534400,12.174,12.223,11.876,12.099
1766620800,12.099,12.549,12.039,12.071
1766707200,12.071,12.611,12.016,12.336
1766793600,12.336,12.792,12.329,12.691
1766880000,12.691,12.897,12.522,12.635
1766966400,12.635,13.197,12.337,12.365
1767052800,12.365,12.64,12.318,12.574
1767139200,12.574,12.715,12.196,12.308
1767225600,12.308,13.693,12.218,13.584
1767312000,13.584,13.973,13.087,13.806
1767398400,13.806,14.387,13.66,13.978
1767484800,13.978,14.494,13.894,14.236
1767571200,14.236,14.709,13.901,14.446
1767657600,14.446,14.828,14.23,14.593
1767744000,14.593,14.592,13.865,14.113
1767830400,14.113,14.237,13.58,13.878
1767916800,13.878,14.219,13.599,13.782
1768003200,13.782,13.938,13.636,13.729
1768089600,13.729,13.977,13.476,13.693
1768176000,13.693,14.214,13.374,13.506
1768262400,13.506,14.854,13.464,14.756
1768348800,14.756,14.945,14.404,14.604
1768435200,14.604,14.621,13.619,13.817
1768521600,13.817,13.859,13.182,13.575
1768608000,13.575,13.964,13.524,13.735
1768694400,13.735,13.817,12.943,12.976
1768780800,12.976,12.976,12.078,12.729
1768867200,12.729,12.755,11.959,12.087
1768953600,12.087,12.716,11.868,12.406
1769040000,12.406,12.616,12.03,12.189
1769126400,12.189,12.488,11.981,12.12
1769212800,12.12,12.176,11.962,12.039
1769299200,12.039,12.074,11.223,11.491
1769385600,11.491,11.913,11.461,11.713
1769472000,11.713,12.198,11.573,12.127
1769558400,12.127,12.283,11.917,12.069
1769644800,12.069,12.093,10.794,11.035
1769731200,11.035,11.083,10.625,10.872
1769817600,10.872,10.892,9.141,10.112
1769904000,10.112,10.254,9.663,9.908
1769990400,9.908,10.317,9.522,10.141
1770076800,10.141,10.341,9.527,9.923
1770163200,9.923,10.158,9.54,9.712
1770249600,9.712,9.845,8.238,8.306
1770336000,8.306,9.463,7.537,9.268
1770422400,9.268,9.384,8.903,9.218
1770508800,9.218,9.286,8.995,9.075
1770595200,9.075,9.199,8.716,9.046
1770681600,9.046,9.108,8.656,8.745
1770768000,8.745,8.957,8.429,8.631
1770854400,8.631,8.972,8.615,8.901
1770940800,8.901,9.247,8.732,9.139
1771027200,9.139,9.713,9.118,9.59
1771113600,9.59,9.745,9.132,9.275
1771200000,9.275,9.415,9.038,9.255
1771286400,9.255,9.293,8.998,9.136
1771372800,9.136,9.205,8.794,8.852
1771459200,8.852,8.935,8.654,8.895
1771545600,8.895,9.359,8.877,9.164
1771632000,9.164,9.448,9.103,9.112
1771718400,9.112,9.111,8.784,8.873
1771804800,8.873,8.889,8.264,8.361
1771891200,8.361,8.437,8.173,8.279
1771977600,8.279,9.841,8.258,9.516
1772064000,9.516,9.632,9.088,9.303
1772150400,9.303,9.481,8.778,8.945
1772236800,8.945,9.268,8.428,9.162
1772323200,9.162,9.427,8.838,9.027
1772409600,9.027,9.477,8.859,9.171
1772496000,9.171,9.331,8.892,9.175
1772582400,9.175,9.778,9.004,9.495
1772668800,9.495,9.577,9.251,9.375
1772755200,9.375,9.464,8.873,9.014
1772841600,9.014,9.073,8.862,8.902
1772928000,8.902,9.019,8.678,8.809
1773014400,8.809,9.525,8.806,9.261
1773100800,9.261,9.955,9.246,9.528
1773187200,9.528,9.857,9.475,9.549
1773273600,9.549,9.738,9.431,9.672
1773360000,9.672,10.279,9.648,9.715
1773446400,9.715,9.774,9.517,9.723
1773532800,9.723,10.039,9.651,9.945
1773619200,9.945,10.517,9.875,10.482
1773705600,10.482,10.542,10.168,10.189
1773792000,10.189,10.356,9.483,9.677
1773878400,9.677,9.742,9.331,9.466
1773964800,9.466,9.643,9.41,9.567
1774051200,9.567,9.631,9.151,9.21
1774137600,9.21,9.351,8.87,9.018
1774224000,9.018,9.748,8.915,9.561
1774310400,9.561,9.641,9.351,9.619
1774396800,9.619,9.792,9.556,9.676
1774483200,9.676,9.689,8.982,9.096
1774569600,9.096,9.142,8.659,8.785
1774656000,8.785,8.982,8.699,8.754
1774742400,8.754,8.814,8.367,8.594
1774828800,8.594,9.078,8.557,8.806
1774915200,8.806,9.069,8.689,8.907
1775001600,8.907,9.477,8.865,9.123
1775088000,9.123,9.185,8.614,8.746
1775174400,8.746,9.144,8.732,8.91
1775260800,8.91,9.108,8.832,8.986
1775347200,8.986,9.083,8.742,9.065
1775433600,9.065,9.662,8.797,8.894
1775520000,8.894,9.619,8.461,9.428
1775606400,9.428,9.561,9.034,9.049
1775692800,9.049,9.698,8.909,9.361
1775779200,9.361,9.552,9.242,9.391
1775865600,9.391,9.609,9.187,9.37
1775952000,9.37,9.386,8.925,9.025
1776038400,9.025,9.707,8.964,9.659
1776124800,9.659,9.703,9.206,9.297
1776211200,9.297,9.563,9.256,9.43
1776297600,9.43,9.882,9.259,9.724
1776384000,9.724,10.005,9.442,9.715
1776470400,9.715,9.779,9.294,9.327
1776556800,9.327,9.354,8.961,8.998
1776643200,8.998,9.432,8.979,9.27
1776729600,9.27,9.529,9.165,9.388
1776816000,9.388,9.673,9.322,9.331
1776902400,9.331,9.447,9.157,9.376
1776988800,9.376,9.475,9.277,9.396
1777075200,9.396,9.495,9.278,9.358
1777161600,9.358,9.54,9.309,9.451
1777248000,9.451,9.559,9.077,9.263
1777334400,9.263,9.269,9.109,9.171
1777420800,9.171,9.441,8.911,9.119
1777507200,9.119,9.223,9.045,9.09
1777593600,9.09,9.267,9.056,9.083
1777680000,9.083,9.245,9.06,9.182
1777766400,9.182,9.194,8.965,9.08
1777852800,9.08,9.376,8.987,9.169
1777939200,9.169,9.523,9.168,9.399
1778025600,9.399,9.775,9.359,9.609
1778112000,9.609,9.698,9.364,9.497
1778198400,9.497,10.018,9.423,9.903
1778284800,9.903,10.117,9.793,9.957
1778371200,9.957,10.483,9.848,10.221
1778457600,10.221,10.268,9.967,10.129
1778544000,10.129,10.162,9.669,9.831
1778630400,9.831,10.152,9.616,9.75
1778716800,9.75,10.133,9.626,9.901
1778803200,9.901,9.957,9.402,9.533
1778889600,9.533,9.567,9.185,9.286
1778976000,9.286,9.412,8.943,9.191
1779062400,9.191,9.265,9.007,9.245
1779148800,9.245,9.312,9.016,9.101
1779235200,9.101,9.395,9.059,9.292
1779321600,9.292,9.513,9.243,9.447
1779408000,9.447,9.599,9.091,9.147
1779494400,9.147,9.588,8.835,9.384
1779580800,9.384,9.424,9.061,9.207
1779667200,9.207,9.501,9.148,9.304
1779753600,9.304,9.488,9.114,9.135
1779840000,9.135,9.286,8.99,9.036
1779926400,9.036,9.069,8.709,8.923
1780012800,8.923,8.999,8.649,8.823
1780099200,8.823,9.045,8.808,8.94
1780185600,8.94,9.079,8.791,8.981
1780272000,8.981,9.071,8.671,8.932
1780358400,8.932,8.941,8.02,8.175
1780444800,8.175,8.368,7.904,8.045
1780531200,8.045,8.113,7.511,7.701
1780617600,7.701,7.72,6.579,6.722
1780704000,6.722,6.929,6.218,6.66
1780790400,6.66,6.957,6.504,6.811
1780876800,6.811,6.879,6.533,6.762
1780963200,6.762,6.789,6.438,6.636
1781049600,6.636,6.675,6.297,6.377
1781136000,6.377,6.703,6.376,6.643
1781222400,6.643,6.695,6.515,6.567
1781308800,6.567,6.772,6.554,6.715
1781395200,6.715,6.788,6.371,6.787
1781481600,6.787,7.075,6.696,6.834
1781568000,6.834,7.047,6.707,6.875
1781654400,6.875,7.017,6.645,6.761
1781740800,6.761,6.799,6.207,6.314
1781827200,6.314,6.32,5.676,5.891
1781913600,5.891,6.258,5.825,6.234
1782000000,6.234,6.371,6.093,6.108
1782086400,6.108,6.466,6.109,6.235
1782172800,6.235,6.522,6.01,6.48
1782259200,6.48,6.539,5.994,6.442
1782345600,6.442,6.634,5.948,6.23
1782432000,6.23,6.629,5.958,6.629
1782518400,6.629,6.668,6.331,6.427
1782604800,6.427,6.483,6.265,6.446
1782691200,6.446,6.818,6.359,6.675
1782777600,6.675,6.677,6.381,6.535
1782864000,6.535,6.809,6.423,6.661
1782950400,6.661,6.877,6.607,6.799
1783036800,6.799,7.032,6.781,6.944
1783123200,6.944,7.11,6.812,6.962
1783209600,6.962,7.004,6.751,6.921
1783296000,6.921,7.086,6.708,6.928
1783382400,6.928,6.948,6.644,6.686
1783468800,6.686,6.695,6.311,6.472
1783555200,6.472,6.808,6.424,6.676
1783641600,6.676,6.833,6.65,6.734
1783728000,6.734,6.787,6.537,6.547
1783814400,6.547,6.546,6.274,6.403
1783900800,6.403,6.678,6.335,6.448
1783987200,6.448,6.709,6.416,6.701
1784073600,6.701,6.77,6.603,6.698
1784160000,6.698,6.737,6.48,6.512
1784246400,6.512,6.647,6.371,6.585
1784332800,6.585,6.656,6.509,6.57
1784419200,6.57,6.634,6.389,6.463
1784505600,6.463,6.649,6.439,6.577
1784592000,6.577,6.684,6.521,6.567
1784678400,6.567,6.661,6.459,6.623
1784764800,6.623,6.652,6.195,6.262
1784851200,6.262,6.313,6.131,6.301
1784937600,6.301,6.842,6.228,6.777
1785024000,6.777,6.831,6.644,6.74
1785110400,6.74,6.743,6.371,6.403
1785196800,6.403,6.626,6.354,6.574
1785283200,6.574,6.635,6.305,6.428
1785369600,6.428,6.525,6.389,6.429
1785456000,6.429,6.542,6.327,6.383
1785542400,6.383,6.449,6.034,6.186
1785628800,6.186,6.684,6.179,6.551
1785715200,6.551,6.596,6.365,6.572
1785801600,6.572,6.982,6.561,6.685
1785888000,6.685,6.719,6.534,6.657
1785974400,6.657,6.699,6.348,6.437
1786060800,6.437,6.525,6.356,6.429
1786147200,6.429,6.591,6.415,6.476
1786233600,6.476,6.586,6.386,6.415
1786320000,6.415,6.579,6.37,6.432
1786406400,6.432,6.553,6.109,6.318
1786492800,6.318,6.542,6.207,6.316
1786579200,6.316,6.548,6.312,6.453
1786665600,6.453,6.491,6.344,6.473
1786752000,6.473,6.875,6.301,6.328
1786838400,6.328,6.435,6.218,6.327
1786924800,6.327,6.398,6.289,6.347
1787011200,6.347,6.448,6.231,6.332
1787097600,6.332,6.88,6.284,6.778
1787184000,6.778,7.323,6.696,7.293
1787270400,7.293,7.899,7.219,7.842
1787356800,7.842,8.328,7.0,7.495
1787443200,7.495,7.676,7.275,7.61
1787529600,7.61,7.647,7.398,7.544
1787616000,7.544,7.731,7.227,7.323
1787702400,7.323,7.457,7.155,7.438
1787788800,7.438,7.579,7.292,7.523
1787875200,7.523,7.592,7.2,7.305
1787961600,7.305,7.365,7.219,7.327
1788048000,7.327,7.467,7.006,7.109
1788134400,7.109,7.263,7.075,7.229
1788220800,7.229,7.359,7.137,7.215
1788307200,7.215,7.254,7.038,7.19
1788393600,7.19,7.579,7.128,7.518
1788480000,7.518,7.536,7.259,7.383
1788566400,7.383,7.647,7.373,7.59
1788652800,7.59,7.933,7.529,7.903
1788739200,7.903,8.197,7.723,8.071
1788825600,8.071,8.196,7.825,8.004
1788912000,8.004,8.052,7.677,7.794
1788998400,7.794,7.863,7.412,7.418
1789084800,7.418,7.835,7.275,7.459
1789171200,7.459,7.489,7.356,7.395
1789257600,7.395,7.459,7.276,7.284
1789344000,7.284,7.799,7.255,7.561
1789430400,7.561,7.612,7.186,7.266
1789516800,7.266,7.484,7.171,7.474
1789603200,7.474,7.649,7.466,7.608
1789689600,7.608,8.342,7.584,8.203
1789776000,8.203,10.176,8.202,10.092
1789862400,10.092,11.469,9.439,11.31
1789948800,11.31,11.799,10.758,11.227
1790035200,11.227,11.371,10.525,11.309
1790121600,11.309,11.396,10.071,10.26
1790208000,10.26,10.687,9.972,10.201
1790294400,10.201,10.751,10.076,10.647
1790380800,10.647,11.128,10.505,10.835
1790467200,10.835,11.277,10.659,10.897
1790553600,10.897,10.971,10.144,10.611
1790640000,10.611,12.007,10.333,11.434
1790726400,11.434,11.481,10.794,10.933
1790812800,10.933,11.178,10.727,10.983
1790899200,10.983,11.266,10.432,10.794
1790985600,10.794,11.214,10.758,11.121
1791072000,11.121,11.139,10.944,11.1
1791158400,11.1,11.173,10.774,11.125
1791244800,11.125,11.726,11.105,11.603
1791331200,11.603,11.65,10.933,11.124
1791417600,11.124,11.193,9.756,10.07
