symbol,tf,common_bars,delta_missing,bitunix_missing,close_diff_med_pct,range_ratio_med,vol_ratio_bitunix_to_delta,delta_thin_pct,bitunix_thin_pct,delta_zero_vol,bitunix_zero_vol,delta_wick_outliers,bitunix_wick_outliers,okx_bars,delta_only_wicks,bitunix_only_wicks
BTCUSD,4h,719,0,0,0.00972754665413756,1.0008960573476702,2.114414863709765,0.0,0.0,0,0,0,0,,,
ETHUSD,4h,719,0,0,0.002615922748070335,1.0031225604996128,2.639189318517484,0.13908205841446453,0.0,0,0,0,0,719.0,0.0,0.0
SOLUSD,4h,719,0,0,0.04972179472002082,1.0,2.2002129628736973,0.0,0.0,0,0,0,1,,,
XRPUSD,4h,719,0,0,0.07412898443292568,1.0016366612111292,8.247059426729821,0.0,0.0,0,0,0,0,,,
HYPEUSD,4h,719,0,0,0.0734861845973124,0.9649334945586433,70.97139638431415,0.8344923504867872,0.0,0,0,0,3,719.0,0.0,0.0
AKE/USDT,4h,447,0,1,0.10600299573682613,0.979977753058948,0.4390314579917738,2.237136465324385,2.684563758389262,0,0,0,7,,,
ZECUSD,4h,719,0,0,0.10652235132785676,0.9591381872213918,33.68687939402294,0.5563282336578581,0.27816411682892905,0,0,0,4,719.0,0.0,1.0
DOGEUSD,4h,719,0,0,0.1263061201056367,0.9969696969696982,8.15364853734872,1.2517385257301807,0.0,0,0,2,3,719.0,1.0,0.0
AAVEUSD,4h,717,0,2,0.14234096134894936,0.9689655172413782,3.7884057971014493,0.9762900976290098,0.0,0,0,0,8,717.0,0.0,0.0
BEAT/USDT,4h,717,0,2,0.11507479861908973,0.9936170212765941,0.6028781570913128,0.9762900976290098,3.765690376569038,0,0,0,2,717.0,0.0,1.0
UNIUSD,4h,717,0,2,0.11335531739488079,0.9999999999999932,4.9286761019629015,2.510460251046025,0.0,0,0,0,3,717.0,0.0,0.0
LINKUSD,4h,719,0,0,0.036023054755044595,0.9680365296803667,14.771415175328535,1.6689847009735743,0.0,0,0,22,1,719.0,20.0,0.0
AVAXUSD,4h,717,0,2,0.08883624518804009,0.9811320754717001,8.605078213557016,1.6736401673640167,0.0,0,0,0,2,717.0,0.0,0.0
LTCUSD,4h,719,0,0,0.1068147831659841,0.9828326180257545,3.4044067187178957,2.5034770514603615,0.0,0,0,3,12,719.0,2.0,0.0
BNBUSD,4h,717,0,2,0.08056183120545654,0.9751773049645348,9.02138888888889,0.8368200836820083,0.0,0,0,0,4,717.0,0.0,0.0
TRUMP/USDT,4h,717,0,2,0.23790642347344282,0.962962962962959,40.855047942299535,10.0418410041841,0.0,0,0,4,70,717.0,3.0,1.0
BCHUSD,4h,717,0,2,0.1055753858529023,0.9636963696369639,6.857358690340447,1.6736401673640167,0.0,0,0,0,7,717.0,0.0,1.0
TACUSD,4h,537,0,1,0.13679890560875846,0.9491525423728819,1.1648993162910783,7.635009310986965,0.0,0,0,0,21,,,
ZORAUSD,4h,717,0,2,0.3508771929824621,0.8083832335329301,21.26447857339536,17.85216178521618,0.0,13,0,11,244,717.0,7.0,0.0
BLESSUSD,4h,717,0,2,0.10405827263267808,0.9833795013850394,0.8108623032747359,5.857740585774058,0.0,0,0,0,4,,,
HUSD,4h,717,0,2,0.09309748636785042,0.9825870646766202,0.3155897332298434,2.2315202231520224,0.0,0,0,0,3,717.0,0.0,3.0
VELVETUSD,4h,662,0,3,0.1756700458269656,1.0180194805194784,2.1512410491088456,8.308157099697885,1.9637462235649545,0,0,11,0,,,
RIVERUSD,4h,717,0,2,0.08841732979665004,0.9833795013850422,0.7710952017915853,0.5578800557880056,0.0,0,0,0,1,717.0,0.0,0.0
