market,symbol,tf,alert_ts,long,confluence,top,risk_L1|sr,L1|sr|2R+BE,L1|sr|1.5R,L1|sr|1.5R+trail,L1|sr|target,risk_L1|nearest,L1|nearest|2R+BE,L1|nearest|1.5R,L1|nearest|1.5R+trail,L1|nearest|target,risk_L2|sr,L2|sr|2R+BE,L2|sr|1.5R,L2|sr|1.5R+trail,L2|sr|target,risk_L2|nearest,L2|nearest|2R+BE,L2|nearest|1.5R,L2|nearest|1.5R+trail,L2|nearest|target
crypto,BTCUSD,4h,1791471600,True,False,87378.8,2.1293022407844613,1.284845712963408,1.461207949525489,1.2548855927262836,1.284845712963408,2.1293022407844613,1.284845712963408,1.461207949525489,1.2548855927262836,1.284845712963408,0.4332404469935542,,,,,0.4332404469935542,,,,
crypto,BTCUSD,1d,1791460800,True,False,87378.8,2.1293022407844613,1.3120835181037402,1.461207949525489,1.3866457338146148,1.3120835181037402,2.1293022407844613,1.3120835181037402,1.461207949525489,1.3866457338146148,1.3120835181037402,0.4332404469935542,,,,,0.4332404469935542,,,,
crypto,ETHUSD,4h,1788444000,False,True,2355.2,1.173735873641497,-1.113472605658383,-1.113472605658383,-1.113472605658383,-1.113472605658383,1.173735873641497,-1.113472605658383,-1.113472605658383,-1.113472605658383,-1.113472605658383,0.23256343039904379,-1.5706670282919237,-1.5706670282919237,-1.5706670282919237,-1.5706670282919237,0.23256343039904379,-1.5706670282919237,-1.5706670282919237,-1.5706670282919237,-1.5706670282919237
crypto,ETHUSD,4h,1789142400,True,False,2666.0,1.221358624387792,-1.1080676208054527,-1.1080676208054527,-1.1080676208054527,-1.1080676208054527,4.055839101179819,-0.009701235433271414,-0.4489239497626259,-1.032193604625843,-0.4489239497626259,0.24668202260387492,-1.537034104027248,-1.537034104027248,-1.537034104027248,-1.537034104027248,3.1091311144777514,-0.012655191611820032,-0.44001823462038864,-1.0421485712945822,-0.44001823462038864
crypto,ETHUSD,4h,1789722000,False,True,2357.01,1.6813173723547414,-1.0793667280671095,-1.0793667280671095,-1.0793667280671095,-1.0793667280671095,3.574269342799773,-1.037598491267064,-1.037598491267064,-1.037598491267064,-1.037598491267064,0.3318005778651754,-1.400137640335543,-1.400137640335543,-1.400137640335543,-1.400137640335543,2.19962924600362,-1.0607828864186568,-1.0607828864186568,-1.0607828864186568,-1.0607828864186568
crypto,ETHUSD,4h,1791367200,True,False,2806.58,2.4153274907577775,-1.054399387560232,-1.054399387560232,-1.054399387560232,-1.054399387560232,2.4153274907577775,-1.054399387560232,-1.054399387560232,-1.054399387560232,-1.054399387560232,0.4925835019414183,,,,,0.4925835019414183,,,,
crypto,SOLUSD,4h,1791471600,True,False,124.97,3.6923260598045813,-0.010656331364756995,0.22187750578286197,0.22187750578286197,0.22187750578286197,3.6923260598045813,-0.010656331364756995,0.22187750578286197,0.22187750578286197,0.22187750578286197,0.7609423913331542,1.891450389752519,1.391450389752519,2.086777463499558,5.112691528914288,0.7609423913331542,1.891450389752519,1.391450389752519,2.086777463499558,5.112691528914288
crypto,XRPUSD,4h,1788343200,True,False,1.7,7.512488620628964,,,,,7.512488620628964,,,,,1.5985717401849828,,,,,1.5985717401849828,,,,
crypto,XRPUSD,1d,1788336000,True,False,1.7,7.512488620628964,,,,,24.516535469212577,,,,,1.5985717401849828,,,,,19.689906139205686,,,,
crypto,HYPEUSD,4h,1788832800,True,True,89.657,1.833065572318235,-0.021464944077393064,-1.0718378377742912,-1.0718378377742912,-1.0718378377742912,1.833065572318235,-0.021464944077393064,-1.0718378377742912,-1.0718378377742912,-1.0718378377742912,0.3720693343623265,-1.355885188871456,-1.355885188871456,-1.355885188871456,-1.355885188871456,0.3720693343623265,-1.355885188871456,-1.355885188871456,-1.355885188871456,-1.355885188871456
crypto,HYPEUSD,4h,1789556400,False,False,75.132,1.2739803893704658,-0.03081158103179603,-1.1045832348020035,-1.1045832348020035,-1.1045832348020035,4.2735597555776454,-0.009185164650798569,-1.031527997169559,-1.031527997169559,-1.031527997169559,0.2522254358027878,-1.526220174010017,-1.526220174010017,-1.526220174010017,-1.526220174010017,3.2215419934953005,-0.01218464638339363,-1.0416604133262084,-1.0416604133262084,-1.0416604133262084
crypto,HYPEUSD,4h,1790647200,True,True,98.0,3.680934553619286,-0.010689309855102825,1.4775600465597023,1.2577172332596587,0.8637209383179385,3.680934553619286,-0.010689309855102825,1.4775600465597023,1.2577172332596587,0.8637209383179385,0.7585235140238763,,,,,0.7585235140238763,,,,
crypto,HYPEUSD,1d,1790640000,True,True,98.0,3.680934553619286,1.9775600465597023,1.4775600465597023,0.8819928387107038,-0.3880481077488228,12.13464820785131,-0.0032425043829893015,-0.11771084450186511,-0.11771084450186511,-0.11771084450186511,0.7585235140238763,,,,,9.468730791758292,,,,
crypto,AKE/USDT,4h,1788573600,True,False,0.041782,23.623071695232415,-1.0051131565662041,-1.0051131565662041,-1.0051131565662041,-1.0051131565662041,42.19243015277481,-1.002642743841013,-1.002642743841013,-1.002642743841013,-1.002642743841013,5.825554218859055,1.9858210915396515,1.4858210915396515,0.2317796543543153,-1.0222617828310208,28.72198485655513,-0.0013699140291490608,-1.004116672582422,-1.004116672582422,-1.004116672582422
crypto,AKE/USDT,4h,1789923600,True,False,0.162761,26.92318121640376,-1.0044251237784343,-1.0044251237784343,-1.0044251237784343,-1.0044251237784343,39.326680809659756,-1.002871756712492,-1.002871756712492,-1.002871756712492,-1.002871756712492,6.862778980374813,-1.018821618892171,-1.018821618892171,-1.018821618892171,-1.018821618892171,22.671177625298206,-1.005348836006297,-1.005348836006297,-1.005348836006297,-1.005348836006297
crypto,AKE/USDT,1d,1788566400,True,False,0.041782,23.623071695232415,-1.0051131565662041,-1.0051131565662041,-1.0051131565662041,-1.0051131565662041,62.11885898354947,-0.0006334090909560799,1.4986702910943377,1.6430564412690956,1.5198232602104225,5.825554218859055,-1.0222617828310208,-1.0222617828310208,-1.0222617828310208,-1.0222617828310208,53.291713349006365,-0.0007383258583247515,1.4984500404507723,2.252542398918842,2.621996788459843
crypto,AKE/USDT,1d,1790006400,True,False,0.162761,28.593996034147693,-1.0041373371473385,-1.0041373371473385,-1.0041373371473385,-1.0041373371473385,85.06956968987718,-0.7522332460398644,-0.7522332460398644,-0.7522332460398644,-0.7522332460398644,7.414993583873648,-1.0173826857366919,-1.0173826857366919,-1.0173826857366919,-1.0173826857366919,80.64120789171587,-0.6608004054957559,-0.6608004054957559,-0.6608004054957559,-0.6608004054957559
crypto,AKE/USDT,1w,1788739200,True,False,0.041782,30.275179959856647,-1.0038798253280683,-1.0038798253280683,-1.0038798253280683,-1.0038798253280683,98.63820329603166,-0.00039889868920168456,1.4991625962635178,1.0095557884559596,1.2268889314237468,7.990297565893062,1.989662462590557,1.489662462590557,0.23678366797510816,-1.0160951266403409,98.20295686047328,1.9991588847969481,1.4991588847969481,1.2570300783424195,1.9519223016245726
crypto,AKE/USDT,1w,1789948800,True,False,0.162761,30.483309975671492,-1.0038499213210712,-1.0038499213210712,-1.0038499213210712,-1.0038499213210712,99.64910001415367,-0.6239887660411239,-0.6239887660411239,-0.6239887660411239,-0.6239887660411239,8.062943689581473,-1.015945606605356,-1.015945606605356,-1.015945606605356,-1.015945606605356,99.53592854109152,-0.5018854233755173,-0.5018854233755173,-0.5018854233755173,-0.5018854233755173
crypto,ZECUSD,4h,1790172000,True,False,1679.98,2.2477911185416426,-1.0584912465202887,-1.0584912465202887,-1.0584912465202887,-1.0584912465202887,3.0418628368791674,-1.0430917091304601,-1.0430917091304601,-1.0430917091304601,-1.0430917091304601,0.45779036056132116,-1.2891522326014415,-1.2891522326014415,-1.2891522326014415,-1.2891522326014415,4.716138860092118,-0.008342979536281159,1.4824856726126197,1.032037635415895,2.3121390139175384
crypto,ZECUSD,4h,1790521200,True,False,1698.46,2.139631218293745,-0.018389454062731746,-1.0614732965504903,-1.0614732965504903,-1.0614732965504903,3.150015627426802,-0.012490938031358674,-1.0415950292580993,-1.0415950292580993,-1.0415950292580993,0.43537864152421724,1.8102800823879976,1.3102800823879976,0.6479360721716433,-1.3040624827524523,1.706324144394467,1.9515918471461864,1.4515918471461864,0.7239577885054747,-1.0772109088185906
crypto,ZECUSD,4h,1790913600,False,False,1305.26,1.8414971642251299,1.9551451929415506,1.4551451929415506,2.6946899971384632,3.9551451929415506,2.94230476480437,1.9719267694536422,1.4719267694536422,1.9671210670848236,2.4754025293449784,0.3629524259400876,,,,,2.1842769724562845,,,,
crypto,ZECUSD,4h,1791291600,False,False,1270.65,2.2035901587110223,,,,,2.2035901587110223,,,,,0.43308332649291154,,,,,0.43308332649291154,,,,
crypto,DOGEUSD,4h,1790179200,True,True,0.1059,4.186740014772517,,,,,7.092306165871082,,,,,0.8663659964321049,,,,,3.8726234960785053,,,,
crypto,AAVEUSD,4h,1790046000,True,False,149.24,1.57587229905158,-0.024968171611159006,1.447584585343805,2.6106949305610416,3.947584585343792,5.252242851190072,1.9842733852298386,1.4842733852298386,1.3082791354349612,1.1844252774406174,0.3191985895314273,,,,,4.042508833463418,,,,
crypto,AAVEUSD,4h,1790172000,True,False,155.21,2.120012301068642,-1.0620468068903024,-1.0620468068903024,-1.0620468068903024,-1.0620468068903024,2.4998008065587243,-1.0525442264248006,-1.0525442264248006,-1.0525442264248006,-1.0525442264248006,0.4313176500031296,-1.30693003445151,-1.30693003445151,-1.30693003445151,-1.30693003445151,5.4273219272750115,1.984780707482102,1.484780707482102,1.5426007911915143,1.8920977487014512
crypto,AAVEUSD,4h,1790604000,True,False,157.37,2.1347235489466447,1.9613064651669965,1.4613064651669965,4.542509566818787,3.9613064651669965,1.5810386269350705,1.947755862132145,1.447755862132145,5.870658878264071,5.3485690050340935,0.43436266344076657,,,,,0.43436266344076657,,,,
crypto,AAVEUSD,4h,1790733600,True,False,176.23,2.8055645840762042,-0.01402450338278292,1.4705585105868457,1.3143886149087556,3.970558510586858,3.8504624530999023,-0.01021868164649048,1.4785480313063433,1.1612307882314377,2.8930702407801996,0.5739959791390342,,,,,2.158856288438036,,,,
crypto,AAVEUSD,4h,1791471600,True,False,187.65,3.677313364407427,1.977537949090909,1.477537949090909,1.3960054815584406,1.3144730140259724,3.677313364407427,1.977537949090909,1.477537949090909,1.3960054815584406,1.3144730140259724,0.7577546843016847,,,,,0.7577546843016847,,,,
crypto,UNIUSD,4h,1791338400,True,False,10.947,8.701534994550867,-1.014738690654355,-1.014738690654355,-1.014738690654355,-1.014738690654355,8.701534994550867,-1.014738690654355,-1.014738690654355,-1.014738690654355,-1.014738690654355,1.8705180232050287,,,,,1.8705180232050287,,,,
crypto,UNIUSD,1w,1789603200,False,False,2.314,17.582001897776525,-1.0080418033037966,-1.0080418033037966,-1.0080418033037966,-1.0080418033037966,17.582001897776525,-1.0080418033037966,-1.0080418033037966,-1.0080418033037966,-1.0080418033037966,3.082787740345694,-1.0435130165189836,-1.0435130165189836,-1.0435130165189836,-1.0435130165189836,3.082787740345694,-1.0435130165189836,-1.0435130165189836,-1.0435130165189836,-1.0435130165189836
crypto,LINKUSD,4h,1788944400,True,False,13.675,3.134386701230312,-1.0418049268132594,-1.0418049268132594,-1.0418049268132594,-1.0418049268132594,3.134386701230312,-1.0418049268132594,-1.0418049268132594,-1.0418049268132594,-1.0418049268132594,0.6430006415234577,1.8715397860190368,1.3715397860190368,0.6233349944207466,-1.2057206340662951,0.6430006415234577,1.8715397860190368,1.3715397860190368,0.6233349944207466,-1.2057206340662951
crypto,LINKUSD,4h,1789743600,False,False,10.609,3.428749196847581,-0.011448300166161204,-1.0391729948407744,-1.0391729948407744,-1.0391729948407744,3.428749196847581,-0.011448300166161204,-1.0391729948407744,-1.0391729948407744,-1.0391729948407744,0.6674419120115014,,,,,0.6674419120115014,,,,
crypto,LINKUSD,4h,1791432000,True,True,15.765,5.483324567645328,-1.0236824094788057,-1.0236824094788057,-1.0236824094788057,-1.0236824094788057,5.483324567645328,-1.0236824094788057,-1.0236824094788057,-1.0236824094788057,-1.0236824094788057,1.1469789775797548,-0.034304595610831906,-1.1151080473940282,-1.1151080473940282,-1.1151080473940282,1.1469789775797548,-0.034304595610831906,-1.1151080473940282,-1.1151080473940282,-1.1151080473940282
crypto,LINKUSD,1d,1791432000,True,False,15.765,5.483324567645328,-1.0236824094788057,-1.0236824094788057,-1.0236824094788057,-1.0236824094788057,7.2023791108498605,0.0012032525423920724,0.0012032525423920724,0.0012032525423920724,0.0012032525423920724,1.1469789775797548,-1.1151080473940282,-1.1151080473940282,-1.1151080473940282,-1.1151080473940282,1.1469789775797548,-1.1151080473940282,-1.1151080473940282,-1.1151080473940282,-1.1151080473940282
crypto,AVAXUSD,4h,1790776800,True,False,12.007,2.5699754311037655,-0.015310126907746621,-1.051095823989281,-1.051095823989281,-1.051095823989281,6.924240545567272,-0.005682449900614477,0.2417537724136284,-1.0186501146049707,0.2417537724136284,0.5247845534935595,,,,,4.97045171091252,,,,
crypto,LTCUSD,4h,1789005600,True,False,59.41,3.1302676187049085,-0.012569739968840869,0.458259280592951,-1.0418605953713513,0.458259280592951,3.1302676187049085,-0.012569739968840869,0.458259280592951,-1.0418605953713513,0.458259280592951,0.642133932179161,,,,,0.642133932179161,,,,
crypto,LTCUSD,4h,1790751600,True,False,74.98,3.4305918932241357,1.9759225222437138,1.4759225222437138,1.489180880906325,1.946632663166616,3.4305918932241357,1.9759225222437138,1.4759225222437138,1.489180880906325,1.946632663166616,0.7054800929463741,,,,,0.7054800929463741,,,,
crypto,BNBUSD,4h,1789005600,True,True,781.4,2.0238490482514537,-1.0650187204374535,-1.0650187204374535,-1.0650187204374535,-1.0650187204374535,2.0238490482514537,-1.0650187204374535,-1.0650187204374535,-1.0650187204374535,-1.0650187204374535,0.41143120690237645,-1.3217896021872655,-1.3217896021872655,-1.3217896021872655,-1.3217896021872655,0.41143120690237645,-1.3217896021872655,-1.3217896021872655,-1.3217896021872655,-1.3217896021872655
crypto,BNBUSD,4h,1790604000,True,False,808.22,1.9151152505887832,,,,,1.9151152505887832,,,,,0.38898262253886223,,,,,0.38898262253886223,,,,
crypto,BNBUSD,4h,1791252000,True,True,810.67,1.057912615492231,,,,,1.7310088742256642,,,,,0.21338849413804825,,,,,0.8922299927539245,,,,
crypto,BCHUSD,4h,1791471600,True,False,366.33,7.503495858206591,-0.0508341411408562,-0.0508341411408562,-0.0508341411408562,-0.0508341411408562,7.503495858206591,-0.0508341411408562,-0.0508341411408562,-0.0508341411408562,-0.0508341411408562,1.5965359805836177,,,,,1.5965359805836177,,,,
crypto,ZORAUSD,4h,1788235200,True,False,0.011216,8.877827179586301,-0.0044320135100719155,-1.0144360870985298,-1.0144360870985298,-1.0144360870985298,27.508288227334234,0.19341277350815214,0.19341277350815214,-0.21549338713970348,0.19341277350815214,1.9113118028966178,1.9567836080566139,1.4567836080566139,0.5952226390854668,-1.0688764354926488,21.9661176544032,0.6593909640809826,0.6593909640809826,0.27276387981759265,0.6593909640809826
crypto,VELVETUSD,4h,1790992800,False,False,0.0457,9.825342010891223,-1.0139957134166955,-1.0139957134166955,-1.0139957134166955,-1.0139957134166955,9.825342010891223,-1.0139957134166955,-1.0139957134166955,-1.0139957134166955,-1.0139957134166955,1.8218648409023677,-1.0732825670834782,-1.0732825670834782,-1.0732825670834782,-1.0732825670834782,1.8218648409023677,-1.0732825670834782,-1.0732825670834782,-1.0732825670834782,-1.0732825670834782
crypto,RIVERUSD,4h,1789138800,False,False,1.027,4.355954008201324,-1.030941092754962,-1.030941092754962,-1.030941092754962,-1.030941092754962,4.55085631583178,-1.0296373734518274,-1.0296373734518274,-1.0296373734518274,-1.0296373734518274,0.8418541770263496,-1.1580094637748104,-1.1580094637748104,-1.1580094637748104,-1.1580094637748104,0.8418541770263496,-1.1580094637748104,-1.1580094637748104,-1.1580094637748104,-1.1580094637748104
crypto,RIVERUSD,4h,1789146000,False,False,1.018,4.470011696849924,-1.0301643519061594,-1.0301643519061594,-1.0301643519061594,-1.0301643519061594,4.892429314725908,-1.0276030998037888,-1.0276030998037888,-1.0276030998037888,-1.0276030998037888,0.8631364974532395,-1.1541257595307954,-1.1541257595307954,-1.1541257595307954,-1.1541257595307954,0.8631364974532395,-1.1541257595307954,-1.1541257595307954,-1.1541257595307954,-1.1541257595307954
crypto,RIVERUSD,4h,1789268400,True,False,1.532,5.657168014087892,-0.006955184979837196,-1.0229392897064031,-1.0229392897064031,-1.0229392897064031,16.436804610581934,-0.2304995096057853,-0.2304995096057853,0.056821827655895815,-0.2304995096057853,1.185066568295383,-1.1113924485320161,-1.1113924485320161,-1.1113924485320161,-1.1113924485320161,12.475686642744565,-0.0031538664866100955,-0.045329254796545704,0.44524565868082344,-0.045329254796545704
crypto,SLVONUSD,4h,1788447600,False,False,57.5,1.5667663767737983,-0.025053735248533805,1.4472799510989727,1.3342704570165111,1.4189927876186688,1.5667663767737983,-0.025053735248533805,1.4472799510989727,1.3342704570165111,1.4189927876186688,0.3094742841319273,1.7330957554948636,1.2330957554948636,3.4039437201196456,12.236152069709929,0.3094742841319273,1.7330957554948636,1.2330957554948636,3.4039437201196456,12.236152069709929
crypto,SLVONUSD,4h,1789646400,False,False,56.53,1.2939168504835015,-0.030336841185218837,-1.1029795371900877,-1.1029795371900877,-1.1029795371900877,1.2939168504835015,-0.030336841185218837,-1.1029795371900877,-1.1029795371900877,-1.1029795371900877,0.2561320613753987,-1.5182016859504384,-1.5182016859504384,-1.5182016859504384,-1.5182016859504384,0.2561320613753987,-1.5182016859504384,-1.5182016859504384,-1.5182016859504384,-1.5182016859504384
crypto,SLVONUSD,4h,1791392400,False,False,53.48,0.6924559346223481,,,,,2.0955030134445987,,,,,0.13772822113176567,,,,,1.5330457328208036,,,,
crypto,SLVONUSD,4h,1791511200,False,False,53.06,0.8001988524933998,-0.049054494239378126,-1.1662088104873125,-1.1662088104873125,-1.1662088104873125,2.4475275702596804,-0.28382288088849006,-0.28382288088849006,-0.28382288088849006,-0.28382288088849006,0.1590217781435446,-1.8343480524365618,-1.8343480524365618,-1.8343480524365618,-1.8343480524365618,1.7958720502343803,-0.03044980357323152,-0.03044980357323152,-0.03044980357323152,-0.03044980357323152
crypto,SLVONUSD,1d,1789704000,False,False,56.53,1.7969724830892435,1.9540337980813156,1.4540337980813156,0.725772034719052,3.954033798081329,1.7960530636369427,1.9540102674735356,1.4540102674735356,0.7257596321553306,3.9560579117685086,0.35430114140321683,,,,,4.484830926006234,,,,
crypto,XAUTUSD,4h,1788436800,False,False,4292.6,1.191648851723782,,,,,1.191648851723782,,,,,0.23607918245129272,,,,,0.23607918245129272,,,,
crypto,XAUTUSD,4h,1789578000,False,False,4265.94,0.7527468386332234,,,,,0.7527468386332234,,,,,0.14964819011054153,,,,,0.14964819011054153,,,,
crypto,XAUTUSD,4h,1789610400,False,False,4249.17,0.3651967812429825,-1.3635919186874839,-1.3635919186874839,-1.3635919186874839,-1.3635919186874839,1.2487971519619407,-1.1066821768184463,-1.1066821768184463,-1.1066821768184463,-1.1066821768184463,0.07282658796447976,-2.82126359343763,-2.82126359343763,-2.82126359343763,-2.82126359343763,0.9538529746784932,-1.1395151349527313,-1.1395151349527313,-1.1395151349527313,-1.1395151349527313
crypto,XAUTUSD,4h,1789999200,True,True,4400.0,0.480401112474314,-0.08190374455491348,1.3280603482065907,1.6119864420027312,-1.2755193441623143,0.480401112474314,-0.08190374455491348,1.3280603482065907,1.6119864420027312,-1.2755193441623143,0.09645090346545444,,,,,0.09645090346545444,,,,
crypto,XAUTUSD,4h,1790748000,False,False,4124.39,0.6269037464832697,,,,,1.4843485623596493,,,,,0.1247550739108425,,,,,0.9779210661320576,,,,
crypto,XAUTUSD,4h,1791270000,False,True,4120.0,0.3682800841782962,1.7757141818181765,1.2757141818181765,2.376647136363686,3.7757141818182944,0.3682800841782962,1.7757141818181765,1.2757141818181765,2.376647136363686,3.7757141818182944,0.07343964596367902,,,,,0.07343964596367902,,,,
crypto,XAUTUSD,4h,1791388800,False,True,4081.78,0.35378165944772266,-0.11095360359063161,1.2665226622291719,0.4575204178763317,-1.3753074453803171,0.9297037717508979,-0.04222135178184033,-1.1431260751317391,-1.1431260751317391,-1.1431260751317391,0.07055663873166021,,,,,0.6448533458982215,,,,
crypto,XAUTUSD,1d,1788307200,True,False,4683.24,2.3575407024060895,,,,,2.3575407024060895,,,,,0.480571882671856,,,,,0.480571882671856,,,,
crypto,TSLAXUSD,4h,1788440400,False,False,293.82,5.305412894585509,0.8728903224616389,0.8728903224616389,0.486285057807593,0.8728903224616389,5.305412894585509,0.8728903224616389,0.8728903224616389,0.486285057807593,0.8728903224616389,1.0178803736414068,,,,,1.0178803736414068,,,,
crypto,TSLAXUSD,1d,1788436800,False,True,293.82,5.305412894585509,-0.007398736117230751,-0.38900947602352376,-0.5365764528587909,-0.38900947602352376,5.305412894585509,-0.007398736117230751,-0.38900947602352376,-0.5365764528587909,-0.38900947602352376,1.0178803736414068,,,,,1.0178803736414068,,,,
crypto,TSLAXUSD,1w,1788393600,False,False,293.82,5.752173257954427,-0.0068240903463247715,1.4856402100048403,0.611369618085016,-0.08781592984653971,7.37679281498319,-0.005321194587472464,-0.06847588863546233,-0.06847588863546233,-0.06847588863546233,1.0998236424350385,,,,,9.764479983165849,,,,
crypto,METAXUSD,4h,1790341200,True,False,781.33,1.0882659732322513,-0.03615536180289792,-1.121345213634825,-1.121345213634825,-1.121345213634825,2.30911254552668,-1.056924658775028,-1.056924658775028,-1.056924658775028,-1.056924658775028,0.21956475344722923,,,,,1.4511335208073672,,,,
crypto,METAXUSD,4h,1791208800,False,False,710.96,1.2906957588304644,,,,,1.2906957588304644,,,,,0.25550095972533005,,,,,0.25550095972533005,,,,
crypto,SNDKBUSD,4h,1790604000,True,False,1908.59,3.2441839850523806,-0.012128365771266445,1.4745390519216603,1.3962027117771947,1.7324538835212313,3.2441839850523806,-0.012128365771266445,1.4745390519216603,1.3962027117771947,1.7324538835212313,0.6661250548914437,,,,,0.6661250548914437,,,,
crypto,MRVL/USDT:USDT,4h,1788879600,False,False,200.97,3.5068937932332656,,,,,3.5068937932332656,,,,,0.682238456186611,,,,,0.682238456186611,,,,
crypto,MRVL/USDT:USDT,4h,1790859600,True,True,273.26,1.3156881023736953,1.9372191632264688,1.4372191632264688,2.5267521744985766,3.9372191632263855,1.2306181095385937,1.9328792585126429,1.4328792585126429,2.6495752449399963,4.209390686958857,0.2659367389015985,,,,,3.18630832622195,,,,
crypto,MRVL/USDT:USDT,4h,1791291600,True,False,280.21,1.6637612260705803,,,,,1.6637612260705803,,,,,0.3372409525800873,,,,,0.3372409525800873,,,,
crypto,MRVL/USDT:USDT,4h,1791302400,True,False,301.29,1.6123860787780844,1.948771574570653,1.448771574570653,1.068129815004521,-1.081738368183193,3.9986114815986054,-0.009840078282437508,-1.032661511342178,-1.032661511342178,-1.032661511342178,0.32669123494994573,,,,,2.7440989947191223,,,,
crypto,MRVL/USDT:USDT,4h,1791550800,False,False,266.07,1.696585283823966,,,,,1.6777337523340763,,,,,0.3347732853303225,,,,,4.243154179248104,,,,
crypto,NVDAXUSD,4h,1788890400,True,False,234.87,1.2200172812989092,-1.1081869850391182,-1.1081869850391182,-1.1081869850391182,-1.1081869850391182,1.2200172812989092,-1.1081869850391182,-1.1081869850391182,-1.1081869850391182,-1.1081869850391182,0.24640843666772155,,,,,0.24640843666772155,,,,
crypto,NVDAXUSD,4h,1789714800,False,False,209.29,1.5747070859020633,,,,,1.5747070859020633,,,,,0.3110232530171637,,,,,0.3110232530171637,,,,
crypto,NVDAXUSD,1d,1789041600,True,False,234.87,1.9473650394452375,-0.020205071572612615,-1.067592010133741,-1.067592010133741,-1.067592010133741,1.4281977264487327,-0.027549861809282903,-1.0923442872750655,-1.0923442872750655,-1.0923442872750655,0.39563659893781705,-0.0994514918630724,1.2912225506392487,2.714350459671271,-1.3346560506687073,4.9866155343716505,1.9834356590295248,1.4834356590295248,1.8818585878439573,1.887588547708996
nse,GODREJCP.NS,4h,1791258300,False,True,832.9500122070312,0.9213597592728252,-0.03933316995372943,-1.1701405757110033,-1.1701405757110033,-1.1701405757110033,1.9203962080666173,-0.01887110578940912,0.20491381976390594,0.20491381976390594,0.20491381976390594,0.18292364397791602,1.4188832143928132,0.9188832143928132,0.6433972767002902,-1.8549548785550285,1.174650197264503,-0.03085173789131953,1.4095049741211905,0.7333991781984425,0.95479758693083
nse,PERSISTENT.NS,4h,1789443900,False,False,5372.5,1.303892380637336,1.918474866807611,1.418474866807611,2.0648080591966145,3.918474866807611,1.086761495203427,1.9021864498611978,1.4021864498611978,2.32750179588956,4.701371501566641,0.25808634161246674,,,,,0.25808634161246674,,,,
nse,PERSISTENT.NS,4h,1791171900,False,True,5162.0,1.4915908024829174,-1.1052874522555478,-1.1052874522555478,-1.1052874522555478,-1.1052874522555478,1.4915908024829174,-1.1052874522555478,-1.1052874522555478,-1.1052874522555478,-1.1052874522555478,0.29480038811672044,1.6394170283184546,1.1394170283184546,5.284737996183422,-1.5306892612777323,0.29480038811672044,1.6394170283184546,1.1394170283184546,5.284737996183422,-1.5306892612777323
nse,FEDERALBNK.NS,4h,1790325900,True,False,371.70001220703125,4.069040097325169,-0.008935768419660588,0.7680323879251416,0.7680323879251416,0.7680323879251416,4.069040097325169,-0.008935768419660588,0.7680323879251416,0.7680323879251416,0.7680323879251416,0.8411907299420908,,,,,0.8411907299420908,,,,
nse,FEDERALBNK.NS,1d,1790325900,True,False,371.70001220703125,4.069040097325169,-0.008935768419660588,0.7680323879251416,0.7680323879251416,0.7680323879251416,4.069040097325169,-0.008935768419660588,0.7680323879251416,0.7680323879251416,0.7680323879251416,0.8411907299420908,,,,,0.8411907299420908,,,,
nse,POLICYBZR.NS,1w,1790188200,True,False,2246.89990234375,21.538360576533158,-1.0067568197307595,-1.0067568197307595,-1.0067568197307595,-1.0067568197307595,21.538360576533158,-1.0067568197307595,-1.0067568197307595,-1.0067568197307595,-1.0067568197307595,5.204431491844284,-1.0295320986537968,-1.0295320986537968,-1.0295320986537968,-1.0295320986537968,5.204431491844284,-1.0295320986537968,-1.0295320986537968,-1.0295320986537968,-1.0295320986537968
nse,POLICYBZR.NS,1M,1790188200,True,False,2246.89990234375,21.538360576533158,-1.0067568197307595,-1.0067568197307595,-1.0067568197307595,-1.0067568197307595,21.538360576533158,-1.0067568197307595,-1.0067568197307595,-1.0067568197307595,-1.0067568197307595,5.204431491844284,-1.0295320986537968,-1.0295320986537968,-1.0295320986537968,-1.0295320986537968,5.204431491844284,-1.0295320986537968,-1.0295320986537968,-1.0295320986537968,-1.0295320986537968
nse,DIXON.NS,4h,1788320700,True,True,14990.0,1.3476127199735595,-0.02698104541541331,-1.1154828767444889,-1.1154828767444889,-1.1154828767444889,1.4225601653624627,-0.025559551634662052,-1.1093723300467044,-1.1093723300467044,-1.1093723300467044,0.27245990749084664,,,,,0.27245990749084664,,,,
nse,DIXON.NS,1d,1788320700,True,False,15000.0,1.374182839901682,-0.02645936111573053,-1.1132403229479886,-1.1132403229479886,-1.1132403229479886,4.129106899837895,-1.0373532219657817,-1.0373532219657817,-1.0373532219657817,-1.0373532219657817,0.27789155846833713,-1.561949614739953,-1.561949614739953,-1.561949614739953,-1.561949614739953,3.063438424023654,-1.050521100595426,-1.050521100595426,-1.050521100595426,-1.050521100595426
nse,AUBANK.NS,4h,1788752700,True,False,1143.800048828125,2.4222868876322248,,,,,2.4222868876322248,,,,,0.49403085318855805,,,,,0.49403085318855805,,,,
nse,AUBANK.NS,1d,1788752700,True,False,1144.0999755859375,2.427373858027387,-0.014979151184207968,-1.0638905756351078,-1.0638905756351078,-1.0638905756351078,2.427373858027387,-0.014979151184207968,-1.0638905756351078,-1.0638905756351078,-1.0638905756351078,0.49508889840049736,,,,,0.49508889840049736,,,,
nse,AUBANK.NS,1w,1790793000,True,True,1144.0999755859375,4.418797398644078,,,,,3.270125607485788,,,,,0.9161455731314722,,,,,0.9161455731314722,,,,
nse,LTF.NS,4h,1790221500,True,False,338.29998779296875,5.050116028964395,-1.0304497839462614,-1.0304497839462614,-1.0304497839462614,-1.0304497839462614,5.050116028964395,-1.0304497839462614,-1.0304497839462614,-1.0304497839462614,-1.0304497839462614,1.0525470850359122,,,,,1.0525470850359122,,,,
nse,LTF.NS,1d,1790221500,True,False,338.6000061035156,5.06410658617927,-1.0303642792840437,-1.0303642792840437,-1.0303642792840437,-1.0303642792840437,5.06410658617927,-1.0303642792840437,-1.0303642792840437,-1.0303642792840437,-1.0303642792840437,1.055586122310002,-0.03444531832271708,-1.1475693964202192,-1.1475693964202192,-1.1475693964202192,1.055586122310002,-0.03444531832271708,-1.1475693964202192,-1.1475693964202192,-1.1475693964202192
nse,LTF.NS,1w,1790188200,True,True,338.6000061035156,5.06410658617927,-1.0303642792840437,-1.0303642792840437,-1.0303642792840437,-1.0303642792840437,6.7756111132432935,-1.0225680299367406,-1.0225680299367406,-1.0225680299367406,-1.0225680299367406,1.055586122310002,-1.1475693964202192,-1.1475693964202192,-1.1475693964202192,-1.1475693964202192,5.29841502119039,-1.028999387906553,-1.028999387906553,-1.028999387906553,-1.028999387906553
nse,BHARTIHEXA.NS,4h,1789721100,False,True,1466.0999755859375,1.590417559176786,,,,,1.590417559176786,,,,,0.3140872725286154,,,,,0.3140872725286154,,,,
nse,BHARTIHEXA.NS,4h,1791431100,False,False,1359.699951171875,2.6044670019081515,-0.013914555251971838,-0.3993928031929348,-0.3993928031929348,-0.3993928031929348,2.116414889727546,-0.017123296654113843,-0.49149407413661916,-0.49149407413661916,-0.49149407413661916,0.5102617218465411,,,,,0.5102617218465411,,,,
nse,NMDC.NS,1d,1790653500,True,True,97.48999786376953,6.812901354028841,-1.02244176766666,-1.02244176766666,-1.02244176766666,-1.02244176766666,6.812901354028841,-1.02244176766666,-1.02244176766666,-1.02244176766666,-1.02244176766666,1.441126280296637,,,,,1.441126280296637,,,,
nse,NMDC.NS,1w,1790620200,True,False,97.48999786376953,6.812901354028841,-1.02244176766666,-1.02244176766666,-1.02244176766666,-1.02244176766666,6.812901354028841,-1.02244176766666,-1.02244176766666,-1.02244176766666,-1.02244176766666,1.441126280296637,-1.1079568383332992,-1.1079568383332992,-1.1079568383332992,-1.1079568383332992,1.441126280296637,-1.1079568383332992,-1.1079568383332992,-1.1079568383332992,-1.1079568383332992
nse,NMDC.NS,1M,1790620200,True,False,97.48999786376953,6.812901354028841,-1.02244176766666,-1.02244176766666,-1.02244176766666,-1.02244176766666,22.152793252779706,-0.28832907489090526,-0.28832907489090526,-0.28832907489090526,-0.28832907489090526,1.441126280296637,-1.1079568383332992,-1.1079568383332992,-1.1079568383332992,-1.1079568383332992,17.66528703313548,-0.05575100505098654,-0.05575100505098654,-0.05575100505098654,-0.05575100505098654
nse,NTPCGREEN.NS,4h,1789973100,False,True,85.16000366210938,1.312597154529306,-1.1195768999160616,-1.1195768999160616,-1.1195768999160616,-1.1195768999160616,1.312597154529306,-1.1195768999160616,-1.1195768999160616,-1.1195768999160616,-1.1195768999160616,0.25979141908615544,-1.6021364995803002,-1.6021364995803002,-1.6021364995803002,-1.6021364995803002,0.25979141908615544,-1.6021364995803002,-1.6021364995803002,-1.6021364995803002,-1.6021364995803002
nse,NTPCGREEN.NS,4h,1790653500,True,False,95.95999908447266,1.649632686230823,1.9355614126179324,1.4355614126179324,1.1213592430817925,-1.0942483650782415,3.5513306896546712,-0.010238415731298276,0.8083761340198442,0.8083761340198442,0.8083761340198442,0.3343388273085962,,,,,2.261469289946838,,,,
nse,ICICIGI.NS,4h,1790757900,False,True,1423.300048828125,2.7649669555477416,-0.013106847417208866,-1.0570287045063576,-1.0570287045063576,-1.0570287045063576,2.7649669555477416,-0.013106847417208866,-1.0570287045063576,-1.0570287045063576,-1.0570287045063576,0.5410260381685359,,,,,0.5410260381685359,,,,
nse,APARINDS.NS,4h,1790567100,True,False,19261.0,2.5409732926484043,-0.014309477437324383,-1.0610118625812448,-1.0610118625812448,-1.0610118625812448,4.6193394513253585,-0.007871255269963748,0.6159461063242042,0.6159461063242042,0.6159461063242042,0.5187394839256636,,,,,2.6402308661450427,,,,
nse,APARINDS.NS,1d,1790567100,True,False,19265.0,2.556858818480904,-0.014220573986009621,-1.0606296951048946,-1.0606296951048946,-1.0606296951048946,5.687312258618223,-0.006393178068408502,0.5069631966800805,0.5069631966800805,0.5069631966800805,0.5220502336448598,-1.2988964755244723,-1.2988964755244723,-1.2988964755244723,-1.2988964755244723,3.717873831775701,1.9714083896307935,1.4714083896307935,1.3742127886881386,1.3539692694422625
nse,HAVELLS.NS,4h,1791351900,False,False,1015.2000122070312,1.4925996513766864,,,,,2.2361328361754427,,,,,0.29499742583565847,,,,,1.0297569956128536,,,,
nse,ICICIPRULI.NS,4h,1789627500,False,False,455.45001220703125,2.102824520719634,-0.017233963006857658,1.4494489440499667,2.296278396452427,3.9494489440499776,1.251915567880322,-0.028947639065911628,1.415090120510298,3.3472615177432115,6.633832421255172,0.41360696126324475,,,,,0.41360696126324475,,,,
nse,ICICIPRULI.NS,1d,1789627500,False,False,455.29998779296875,2.1186489963607276,-0.017105240208382215,1.4498265167176843,2.940589663323484,3.9498265167176894,5.793107694341751,1.2623499915814282,1.4816506086873156,1.551140050645275,1.4445262244332884,0.4166676197961637,,,,,4.029885199388104,,,,
nse,GLENMARK.NS,4h,1789530300,True,True,2537.39990234375,2.5058687817944576,,,,,2.5058687817944576,,,,,0.5114262938300764,,,,,0.5114262938300764,,,,
nse,GLENMARK.NS,1d,1789530300,True,True,2537.60009765625,2.6129835114038826,,,,,3.3598933813628418,,,,,0.5337542303041879,,,,,0.5337542303041879,,,,
nse,FORTIS.NS,4h,1789721100,False,True,861.5999755859375,1.2175532890192369,-0.02976461098403587,1.4126937597239568,3.8203506299797083,3.912693759723947,1.5025165234589573,-0.02411953508275739,1.4292520259575676,3.2380362043327606,3.1706228062703006,0.2411616406141298,,,,,0.2411616406141298,,,,
nse,PHOENIXLTD.NS,4h,1791441900,True,False,2148.89990234375,5.292307214830004,0.40215009119031114,0.40215009119031114,0.40215009119031114,0.40215009119031114,5.292307214830004,0.40215009119031114,0.40215009119031114,0.40215009119031114,0.40215009119031114,1.10525628965377,,,,,1.10525628965377,,,,
nse,PHOENIXLTD.NS,1w,1791397800,True,False,2169.800048828125,5.432148825891208,,,,,6.1242984825499915,,,,,1.1357879171846104,,,,,1.1357879171846104,,,,
nse,ASTERDM.NS,4h,1789623900,False,True,730.2000122070312,1.2283016235933413,1.913457738752291,1.413457738752291,0.8276646122548178,-1.1277488751930043,4.1239161188917715,-0.008787763609929874,1.4742235300293727,1.7493440256382222,1.1656169417105218,0.2432698546590699,,,,,3.110707721260701,,,,
nse,ASTERDM.NS,1d,1789623900,False,False,729.0499877929688,1.249735331722591,1.9149419902744689,1.4149419902744689,0.8020687868439922,-1.1255664809040493,4.194132946723187,-0.008640641691703088,1.47465507141755,2.036100288772713,1.1665441675407267,0.2474728617131181,-1.6320844045202385,-1.6320844045202385,-1.6320844045202385,-1.6320844045202385,3.162724136561495,1.966389733846478,1.466389733846478,2.5947937024796315,1.8443115584074958
nse,ASTERDM.NS,1w,1790793000,True,False,891.2999877929688,7.453866658239318,0.24483706601529906,0.24483706601529906,0.24483706601529906,0.24483706601529906,7.453866658239318,0.24483706601529906,0.24483706601529906,0.24483706601529906,0.24483706601529906,1.5853066464907652,,,,,1.5853066464907652,,,,
nse,PRESTIGE.NS,4h,1791445500,True,True,1741.5,6.476494297540077,,,,,6.476494297540077,,,,,1.3660780321919002,,,,,1.3660780321919002,,,,
nse,ATHERENERG.NS,4h,1788504300,True,False,1741.300048828125,2.8011941522003623,-0.012980178461188568,1.4620518985031792,1.4454169731327053,-1.0552976318339915,8.505550918968762,-0.004274855367558826,-0.5114310609909384,-1.0178762347070813,-0.5114310609909384,0.5730813269340177,,,,,6.408200507510603,,,,
nse,BANKINDIA.NS,1w,1790533800,True,False,178.36000061035156,9.355629293262961,0.37327502459080647,0.37327502459080647,0.37327502459080647,0.37327502459080647,9.355629293262961,0.37327502459080647,0.37327502459080647,0.37327502459080647,0.37327502459080647,2.0224999358135523,,,,,2.0224999358135523,,,,
nse,RBLBANK.NS,4h,1789530300,True,False,420.29998779296875,1.5679709285644858,,,,,5.226409679535752,,,,,0.31757780787534634,,,,,4.022490117197799,,,,
nse,RBLBANK.NS,4h,1790221500,True,True,429.5,1.1083112873157617,-0.03280666759973909,-1.1405253615467064,-1.1405253615467064,-1.1405253615467064,1.3430819136594396,-0.027072064354540015,-1.1158741380256774,-1.1158741380256774,-1.1158741380256774,0.2236452055081046,-1.6983748077335223,-1.6983748077335223,-1.6983748077335223,-1.6983748077335223,1.6981700801726267,-0.021411282900655984,1.4374032075814254,1.1296125806438628,1.436803544773408
nse,RBLBANK.NS,1d,1789530300,True,False,420.3999938964844,1.578661002990626,,,,,4.9076710127262215,,,,,0.3197706765741801,,,,,3.691361477635192,,,,
nse,RBLBANK.NS,1d,1790653500,True,True,429.6000061035156,1.8788950090417187,,,,,6.242961827743312,,,,,0.381513593705102,,,,,4.8121784450135765,,,,
nse,RBLBANK.NS,1M,1790015400,False,False,74.1500015258789,20.66260132332535,0.10115801259514547,0.10115801259514547,0.10115801259514547,0.10115801259514547,20.66260132332535,0.10115801259514547,0.10115801259514547,0.10115801259514547,0.10115801259514547,3.5463120141354665,,,,,3.5463120141354665,,,,
nse,IOB.NS,4h,1791171900,False,True,30.09000015258789,1.5072368664609022,,,,,1.5072368664609022,,,,,0.29785585864386527,,,,,0.29785585864386527,,,,
nse,IOB.NS,1d,1791171900,False,True,30.06999969482422,1.5323800561500767,,,,,4.057626324046868,,,,,0.30276441008025423,,,,,2.7974284901127593,,,,
nse,ALKEM.NS,4h,1789724700,False,False,5052.5,2.0635954658325915,,,,,2.0635954658325915,,,,,0.4060162665528202,,,,,0.4060162665528202,,,,
nse,MOTILALOFS.NS,4h,1791438300,True,False,1090.0,1.6829865361077112,-0.021604450909088177,-1.0923706181818158,-1.0923706181818158,-1.0923706181818158,2.6091186672850375,-0.013935740238994347,0.13752394000658458,0.13752394000658458,0.13752394000658458,0.3411910669975186,-1.4576010909090789,-1.4576010909090789,-1.4576010909090789,-1.4576010909090789,1.2799627185755282,1.9169507060968922,1.4169507060968922,1.384248273124755,1.351545840152618
nse,GICRE.NS,4h,1788752700,False,False,341.79998779296875,0.8247048389546761,1.8711054004063603,1.3711054004063603,1.768049577087853,3.871105400406341,1.0742090880305977,1.901043473580283,1.401043473580283,1.531589377594429,2.971972022385043,0.16385987950662453,,,,,0.904081058116644,,,,
nse,GICRE.NS,4h,1789116300,False,False,340.8999938964844,0.7928230543355974,,,,,2.0717753683329962,,,,,0.1575652400282656,,,,,1.4284568168920764,,,,
nse,GICRE.NS,4h,1789721100,False,False,337.0,0.9498734305882028,1.8880903533282594,1.3880903533282594,1.5002706577839504,3.888090353328293,1.0829674326806908,1.9018437703737097,1.4018437703737097,1.4080642612814693,3.4102537259232326,0.1885419581449005,1.436199766641306,0.936199766641306,3.189669528689114,23.43619976664105,1.8094896472171402,1.9412541540851138,1.4412541540851138,1.3488261565002269,2.4419631260522574
nse,COROMANDEL.NS,4h,1789721100,False,False,1890.0,1.6225091840142516,,,,,1.6225091840142516,,,,,0.32034375137368276,,,,,0.32034375137368276,,,,
nse,GODREJPROP.NS,4h,1788925500,True,True,2177.60009765625,4.1631404310338,-1.0370437731657762,-1.0370437731657762,-1.0370437731657762,-1.0370437731657762,4.1631404310338,-1.0370437731657762,-1.0370437731657762,-1.0370437731657762,-1.0370437731657762,0.8613142641003843,-1.1809668658288792,-1.1809668658288792,-1.1809668658288792,-1.1809668658288792,0.8613142641003843,-1.1809668658288792,-1.1809668658288792,-1.1809668658288792,-1.1809668658288792
nse,GODREJPROP.NS,1d,1788410700,False,False,1908.9000244140625,1.8112806550068188,,,,,1.8994117509430721,,,,,0.3570819263182216,,,,,1.6425694269001596,,,,
nse,PIRAMALFIN.NS,4h,1790221500,True,False,2326.39990234375,2.2953608169491377,-1.0675938695327858,-1.0675938695327858,-1.0675938695327858,-1.0675938695327858,2.2953608169491377,-1.0675938695327858,-1.0675938695327858,-1.0675938695327858,-1.0675938695327858,0.4676597462474378,-1.3337173476639266,-1.3337173476639266,-1.3337173476639266,-1.3337173476639266,0.4676597462474378,-1.3337173476639266,-1.3337173476639266,-1.3337173476639266,-1.3337173476639266
nse,PIRAMALFIN.NS,1d,1790221500,True,False,2326.39990234375,2.296769659169976,-1.0675521006431647,-1.0675521006431647,-1.0675521006431647,-1.0675521006431647,2.296769659169976,-1.0675521006431647,-1.0675521006431647,-1.0675521006431647,-1.0675521006431647,0.46795215838863186,-1.333508503215827,-1.333508503215827,-1.333508503215827,-1.333508503215827,0.46795215838863186,-1.333508503215827,-1.333508503215827,-1.333508503215827,-1.333508503215827
nse,PIRAMALFIN.NS,1d,1790307900,False,False,1781.199951171875,3.6022505844351294,-1.043889541159451,-1.043889541159451,-1.043889541159451,-1.043889541159451,11.785536438320428,0.4405362199400178,0.4405362199400178,0.4405362199400178,0.4405362199400178,0.700269740238724,-1.2236997057972565,-1.2236997057972565,-1.2236997057972565,-1.2236997057972565,8.654335295756042,0.9064389165005827,0.9064389165005827,0.9064389165005827,0.9064389165005827
nse,PIRAMALFIN.NS,1w,1790188200,True,False,2326.39990234375,5.011326117973514,0.3213158141589773,0.3213158141589773,0.3213158141589773,0.3213158141589773,4.009271173534859,0.4016237021436302,0.4016237021436302,0.4016237021436302,0.4016237021436302,1.0441248235855738,,,,,1.0441248235855738,,,,
nse,ABBOTINDIA.NS,4h,1789721100,False,False,25140.0,1.9188395152405435,-0.018886415311006426,-1.0819554832535907,-1.0819554832535907,-1.0819554832535907,1.9188395152405435,-0.018886415311006426,-1.0819554832535907,-1.0819554832535907,-1.0819554832535907,0.37796585648148145,,,,,0.37796585648148145,,,,
nse,ABBOTINDIA.NS,1d,1789721100,False,False,25135.0,1.9215230784769215,-0.018860038896193566,-1.081841724047307,-1.081841724047307,-1.081841724047307,1.9215230784769215,-0.018860038896193566,-1.081841724047307,-1.081841724047307,-1.081841724047307,0.37848645207496384,,,,,0.37848645207496384,,,,
nse,ANTHEM.NS,4h,1790585100,True,False,977.4500122070312,3.918296538521002,0.6037982741318776,1.472870863918808,1.318575446834811,0.6037982741318776,3.918296538521002,0.6037982741318776,1.472870863918808,1.318575446834811,0.6037982741318776,0.8090191223167635,,,,,0.8090191223167635,,,,
nse,ANTHEM.NS,1d,1790826300,True,False,977.5499877929688,4.0075043002112105,-0.009072978411547198,1.4734747633347773,1.2915774670880504,0.6666135373859665,4.0075043002112105,-0.009072978411547198,1.4734747633347773,1.2915774670880504,0.6666135373859665,0.8280481109660657,,,,,0.8280481109660657,,,,
nse,FLUOROCHEM.NS,4h,1791258300,False,False,4233.0,2.148193935336889,-0.016869985248475737,1.4505165719670792,1.473464477753742,1.4998054612050056,2.148193935336889,-0.016869985248475737,1.4505165719670792,1.473464477753742,1.4998054612050056,0.4223799546121286,,,,,0.4223799546121286,,,,
nse,MFSL.NS,4h,1789616700,False,False,1424.300048828125,1.5884138991552024,-1.0989000455316598,-1.0989000455316598,-1.0989000455316598,-1.0989000455316598,3.2502260905387734,-1.0485889623201854,-1.0485889623201854,-1.0485889623201854,-1.0485889623201854,0.3136965402735443,-1.498752227658293,-1.498752227658293,-1.498752227658293,-1.498752227658293,1.9546565422562585,-1.080462897123392,-1.080462897123392,-1.080462897123392,-1.080462897123392
nse,MFSL.NS,1d,1789616700,False,False,1423.5999755859375,1.6364807458676665,-1.096009831322295,-1.096009831322295,-1.096009831322295,-1.096009831322295,3.1020502970731485,-1.0508860302160385,-1.0508860302160385,-1.0508860302160385,-1.0508860302160385,0.3230666108670037,-1.4843011566114712,-1.4843011566114712,-1.4843011566114712,-1.4843011566114712,1.7696970985565725,-1.0888201990484605,-1.0888201990484605,-1.0888201990484605,-1.0888201990484605
nse,MFSL.NS,1w,1790188200,True,False,1892.5,9.43100154643866,-0.5084021698818414,-0.5084021698818414,-0.5084021698818414,-0.5084021698818414,9.43100154643866,-0.5084021698818414,-0.5084021698818414,-0.5084021698818414,-0.5084021698818414,2.0401235782596756,,,,,2.0401235782596756,,,,
nse,M&MFIN.NS,4h,1790221500,True,False,415.0,5.805547097076373,-1.0264225272634018,-1.0264225272634018,-1.0264225272634018,-1.0264225272634018,5.805547097076373,-1.0264225272634018,-1.0264225272634018,-1.0264225272634018,-1.0264225272634018,1.217663019478902,,,,,1.217663019478902,,,,
nse,M&MFIN.NS,1d,1790221500,True,False,415.0,5.813094758618424,-1.0263875713350918,-1.0263875713350918,-1.0263875713350918,-1.0263875713350918,5.813094758618424,-1.0263875713350918,-1.0263875713350918,-1.0263875713350918,-1.0263875713350918,1.219323286154116,,,,,1.219323286154116,,,,
nse,M&MFIN.NS,1w,1790188200,True,False,415.0,5.813094758618424,-1.0263875713350918,-1.0263875713350918,-1.0263875713350918,-1.0263875713350918,5.769129211354113,-1.0265924769187682,-1.0265924769187682,-1.0265924769187682,-1.0265924769187682,1.219323286154116,-1.127685856675459,-1.127685856675459,-1.127685856675459,-1.127685856675459,14.631205972813943,-0.04130553315050148,-0.04130553315050148,-0.04130553315050148,-0.04130553315050148
nse,M&MFIN.NS,1M,1790793000,True,False,415.0,7.761435792415485,0.0988668628204242,0.0988668628204242,0.0988668628204242,0.0988668628204242,13.990623001703103,0.05484736510195874,0.05484736510195874,0.05484736510195874,0.05484736510195874,1.6550517837016763,,,,,20.541995958258667,,,,
nse,COLPAL.NS,4h,1791521100,False,False,1716.5,1.5148056636498182,0.26997774976115724,0.26997774976115724,0.26997774976115724,0.26997774976115724,1.7810108336845258,0.22962455739338583,0.22962455739338583,0.22962455739338583,0.22962455739338583,0.2993336739727237,1.6448779096945625,1.1448779096945625,3.2452573292501743,5.345636748805786,2.846503620047095,0.5621384341387797,0.5621384341387797,0.5621384341387797,0.5621384341387797
nse,GLAND.NS,4h,1788839100,True,False,3042.0,1.2560984267883564,,,,,1.7648446562979787,,,,,0.25376976376593086,,,,,2.325042688875133,,,,
nse,GLAXO.NS,4h,1789098300,True,False,3119.300048828125,2.8988691652577034,-0.012542822020311734,1.4633305285819789,1.1155588822838414,-0.4165977941197522,2.8988691652577034,-0.012542822020311734,1.4633305285819789,1.1155588822838414,-0.4165977941197522,0.5935385580460333,,,,,0.5935385580460333,,,,
nse,GLAXO.NS,1d,1791434700,True,False,3120.699951171875,5.5618985687370035,-0.10693979615680081,-0.10693979615680081,-0.10693979615680081,-0.10693979615680081,5.5618985687370035,-0.10693979615680081,-0.10693979615680081,-0.10693979615680081,-0.10693979615680081,1.164180128051068,,,,,1.164180128051068,,,,
nse,AEGISLOG.NS,4h,1790567100,True,True,1526.800048828125,3.5690766829069167,-1.0432928388450018,-1.0432928388450018,-1.0432928388450018,-1.0432928388450018,1.9438795530055355,-1.0799062164028306,-1.0799062164028306,-1.0799062164028306,-1.0799062164028306,0.7347956734189915,-1.2122121942250077,-1.2122121942250077,-1.2122121942250077,-1.2122121942250077,0.7347956734189915,-1.2122121942250077,-1.2122121942250077,-1.2122121942250077,-1.2122121942250077
nse,AEGISLOG.NS,1d,1790567100,True,True,1528.699951171875,3.5863345144714334,-1.043082102943632,-1.043082102943632,-1.043082102943632,-1.043082102943632,7.939695475920737,-0.004579520727246463,0.4763574687171056,0.4763574687171056,0.4763574687171056,0.738453637020557,-1.2111585147181592,-1.2111585147181592,-1.2111585147181592,-1.2111585147181592,5.220404807879682,-0.006964977111568411,1.4796375944180515,1.1409411071642122,1.312312961583097
nse,NAVINFLUOR.NS,4h,1789116300,True,False,8949.5,1.3941770307693626,-1.1116091486593658,-1.1116091486593658,-1.1116091486593658,-1.1116091486593658,2.360095673177588,-1.0657261287863642,-1.0657261287863642,-1.0657261287863642,-1.0657261287863642,0.2819804515027572,-1.5537937432968376,-1.5537937432968376,-1.5537937432968376,-1.5537937432968376,1.258793900907031,-1.1236664738662756,-1.1236664738662756,-1.1236664738662756,-1.1236664738662756
nse,NAVINFLUOR.NS,4h,1791276300,False,False,8039.0,1.4660075938768922,-0.02472019937097642,1.4274901436773004,1.4254308356048093,1.423371527532318,1.3920155976006394,-0.02603419104101106,1.4236359131440588,1.461333074027338,1.4990302349106173,0.28980269516072127,,,,,0.28980269516072127,,,,
nse,NAVINFLUOR.NS,1d,1789116300,True,False,8949.5,1.3941770307693626,-1.1116091486593658,-1.1116091486593658,-1.1116091486593658,-1.1116091486593658,2.472054525453364,-1.0627267607330917,-1.0627267607330917,-1.0627267607330917,-1.0627267607330917,0.2819804515027572,-1.5537937432968376,-1.5537937432968376,-1.5537937432968376,-1.5537937432968376,3.344456069566204,-0.010871723007776168,-1.0462340568238566,-1.0462340568238566,-1.0462340568238566
nse,NAVINFLUOR.NS,1d,1791276300,False,False,8035.0,1.4727584702461607,-0.024606886147427627,1.4278225166260747,1.4153343213877463,1.402846126149418,1.794424321926436,-0.020195892107113693,1.1513740030677477,1.1513740030677477,1.1513740030677477,0.2911216787037703,,,,,3.702921895637809,,,,
nse,KEI.NS,4h,1788320700,True,False,5878.0,2.9617155687483283,-0.012276668422741173,-1.0522734673947942,-1.0522734673947942,-1.0522734673947942,2.9617155687483283,-0.012276668422741173,-1.0522734673947942,-1.0522734673947942,-1.0522734673947942,0.606718535611827,-1.2571153369739696,-1.2571153369739696,-1.2571153369739696,-1.2571153369739696,0.606718535611827,-1.2571153369739696,-1.2571153369739696,-1.2571153369739696,-1.2571153369739696
nse,KEI.NS,4h,1791171900,False,False,4425.0,0.9964849089765049,-0.036367836254747904,1.393325027762657,0.4733631333696268,-1.1573513467610141,0.9970273612949382,-0.03634804961913626,1.3933830663764957,0.47351364309031585,-1.1572660087051194,0.197720775642359,1.462373138813306,0.962373138813306,1.3625636668480903,-1.7910087338050396,1.5342357236343585,1.9307146885172297,1.4307146885172297,0.8289426041082046,-1.1023748277023198
nse,KEI.NS,1d,1788320700,True,False,5899.0,3.01270757848449,-0.012068877928830369,-1.0513802425818657,-1.0513802425818657,-1.0513802425818657,3.01270757848449,-0.012068877928830369,-1.0513802425818657,-1.0513802425818657,-1.0513802425818657,0.6174224213605648,1.827832621034793,1.327832621034793,1.069998755723694,-1.2526492129093323,0.6174224213605648,1.827832621034793,1.327832621034793,1.069998755723694,-1.2526492129093323
nse,RVNL.NS,4h,1789706700,False,True,195.25,1.3981596446803735,-1.112289809264403,-1.112289809264403,-1.112289809264403,-1.112289809264403,2.221630107604012,-1.0708537458666152,-1.0708537458666152,-1.0708537458666152,-1.0708537458666152,0.27653876619144874,-1.5657010463220087,-1.5657010463220087,-1.5657010463220087,-1.5657010463220087,1.0909003688826073,-1.1437761455201354,-1.1437761455201354,-1.1437761455201354,-1.1437761455201354
nse,POONAWALLA.NS,4h,1789461900,True,False,511.79998779296875,4.827259851304262,1.9779792256322644,1.4779792256322644,1.7105954100096057,0.037378534371979966,4.827259851304262,1.9779792256322644,1.4779792256322644,1.7105954100096057,0.037378534371979966,1.0042335402628053,,,,,1.0042335402628053,,,,
nse,POONAWALLA.NS,1d,1789461900,True,False,511.8999938964844,4.829958693910838,1.97799153021039,1.47799153021039,1.6871638982512107,0.8218111915338986,4.829958693910838,1.97799153021039,1.47799153021039,1.6871638982512107,0.8218111915338986,1.0048175571497655,,,,,1.0048175571497655,,,,
nse,MEDANTA.NS,4h,1789703100,False,False,1382.4000244140625,1.4997077959919805,-1.1047203023933838,-1.1047203023933838,-1.1047203023933838,-1.1047203023933838,1.2149271530682813,-1.1291496886708552,-1.1291496886708552,-1.1291496886708552,-1.1291496886708552,0.2963856245444056,-0.12227313674783047,-1.5278535119669134,-1.5278535119669134,-1.5278535119669134,0.2963856245444056,-0.12227313674783047,-1.5278535119669134,-1.5278535119669134,-1.5278535119669134
nse,AIAENG.NS,1w,1788287400,True,False,5180.0,6.432153477288194,-1.023799793304357,-1.023799793304357,-1.023799793304357,-1.023799793304357,10.28365336054025,-1.0146988786980842,-1.0146988786980842,-1.0146988786980842,-1.0146988786980842,1.35621790939252,-1.1147469665217848,-1.1147469665217848,-1.1147469665217848,-1.1147469665217848,5.416656717432161,-0.006712627714246451,-1.0283554376165251,-1.0283554376165251,-1.0283554376165251
nse,AIAENG.NS,1M,1789410600,True,False,5180.0,7.524571938470734,-1.0202719457369915,-1.0202719457369915,-1.0202719457369915,-1.0202719457369915,18.3885089709701,-0.33891266044995405,-0.33891266044995405,-0.33891266044995405,-0.33891266044995405,1.6013076229289505,-1.0971077286849582,-1.0971077286849582,-1.0971077286849582,-1.0971077286849582,13.161104862834772,-0.016658139329725825,-0.016658139329725825,-0.016658139329725825,-0.016658139329725825
nse,CONCOR.NS,4h,1789454700,True,True,543.6500244140625,3.0093358226462144,-0.012082400284599778,-1.0514383708603714,-1.0514383708603714,-1.0514383708603714,3.0093358226462144,-0.012082400284599778,-1.0514383708603714,-1.0514383708603714,-1.0514383708603714,0.6167143696896242,,,,,0.6167143696896242,,,,
nse,CONCOR.NS,1d,1789454700,True,True,543.7000122070312,3.0106127369194122,-0.012077275683488035,-1.0514163418407416,-1.0514163418407416,-1.0514163418407416,3.0106127369194122,-0.012077275683488035,-1.0514163418407416,-1.0514163418407416,-1.0514163418407416,0.616982510623397,-0.05893197841745487,-1.2528297092037084,-1.2528297092037084,-1.2528297092037084,0.616982510623397,-0.05893197841745487,-1.2528297092037084,-1.2528297092037084,-1.2528297092037084
nse,CONCOR.NS,1w,1790015400,True,False,543.7000122070312,3.5279533162298446,-1.043803307325799,-1.043803307325799,-1.043803307325799,-1.043803307325799,5.973387052083598,-1.0256660593290166,-1.0256660593290166,-1.0256660593290166,-1.0256660593290166,0.7260833690845381,-1.214764536628995,-1.214764536628995,-1.214764536628995,-1.214764536628995,3.2425406555703584,-1.0477029422611834,-1.0477029422611834,-1.0477029422611834,-1.0477029422611834
nse,ENDURANCE.NS,4h,1788320700,True,False,3072.0,2.5767466687350757,-1.0601578837945016,-1.0601578837945016,-1.0601578837945016,-1.0601578837945016,2.5767466687350757,-1.0601578837945016,-1.0601578837945016,-1.0601578837945016,-1.0601578837945016,0.5261963308887576,,,,,0.5261963308887576,,,,
nse,GODREJIND.NS,1w,1790533800,True,False,1443.0,9.076095980973705,-0.7741618274064261,-0.7741618274064261,-0.7741618274064261,-0.7741618274064261,5.163603646797814,-1.0297695579853288,-1.0297695579853288,-1.0297695579853288,-1.0297695579853288,1.9573391824959712,0.13344286296787036,0.13344286296787036,0.13344286296787036,0.13344286296787036,1.9573391824959712,0.13344286296787036,0.13344286296787036,0.13344286296787036,0.13344286296787036
nse,GODREJIND.NS,1M,1790533800,True,False,1443.0,9.076095980973705,-0.7741618274064261,-0.7741618274064261,-0.7741618274064261,-0.7741618274064261,27.71673670989763,-0.25350628841661615,-0.25350628841661615,-0.25350628841661615,-0.25350628841661615,1.9573391824959712,0.13344286296787036,0.13344286296787036,0.13344286296787036,0.13344286296787036,22.057422170842024,0.011841499078560837,0.011841499078560837,0.011841499078560837,0.011841499078560837
nse,EMCURE.NS,4h,1790135100,True,False,2100.699951171875,1.8941237191071592,-0.019196211753865933,-1.082018369007951,-1.082018369007951,-1.082018369007951,3.074872721184278,-0.011824879693230733,-1.0503313722786536,-1.0503313722786536,-1.0503313722786536,0.3846533927400256,,,,,1.5835695592020786,,,,
nse,EMCURE.NS,1d,1790135100,True,False,2100.699951171875,1.9062487418673328,-0.019074110949648365,-1.0814934967389882,-1.0814934967389882,-1.0814934967389882,3.184719787519713,-0.01141701701433601,-1.0485781011919835,-1.0485781011919835,-1.0485781011919835,0.3871538405450467,1.7254321438466227,1.2254321438466227,1.0418692516501955,-1.4032154836949466,1.7737772501277904,-0.02049862799704985,1.440071392846908,0.6172863785230239,-1.0876170394922666
nse,PATANJALI.NS,4h,1789962300,False,False,328.3500061035156,3.2434401807675943,-1.04868957381326,-1.04868957381326,-1.04868957381326,-1.04868957381326,3.2434401807675943,-1.04868957381326,-1.04868957381326,-1.04868957381326,-1.04868957381326,0.632281888296925,-1.2476998690663013,-1.2476998690663013,-1.2476998690663013,-1.2476998690663013,0.632281888296925,-1.2476998690663013,-1.2476998690663013,-1.2476998690663013,-1.2476998690663013
nse,PATANJALI.NS,1d,1790048700,False,False,328.20001220703125,5.007187513407063,-0.007237595936433765,1.4787705174381076,1.9798577317473078,2.409379528599954,5.007187513407063,-0.007237595936433765,1.4787705174381076,1.9798577317473078,2.409379528599954,0.9628674400964716,,,,,0.9628674400964716,,,,
nse,ANANDRATHI.NS,4h,1788839100,True,False,2255.0,0.6879357561760576,-1.2267014480956766,-1.2267014480956766,-1.2267014480956766,-1.2267014480956766,2.016871958396783,-0.018027916868310005,-1.0769962433035374,-1.0769962433035374,-1.0769962433035374,0.13834855055313244,-2.1292552404784164,-2.1292552404784164,-2.1292552404784164,-2.1292552404784164,1.4746390086680508,-0.02465688198012428,-1.1054920421752406,-1.1054920421752406,-1.1054920421752406
nse,ANANDRATHI.NS,4h,1789962300,True,False,2268.39990234375,0.7376131237941879,-0.049294133777010904,-1.211399700477156,-1.211399700477156,-1.211399700477156,2.24862283986318,-1.0690092112510603,-1.0690092112510603,-1.0690092112510603,-1.0690092112510603,0.1483983090814605,-2.0527465023857503,-2.0527465023857503,-2.0527465023857503,-2.0527465023857503,1.6683772766252645,-1.0931838460879586,-1.0931838460879586,-1.0931838460879586,-1.0931838460879586
nse,ANANDRATHI.NS,4h,1790567100,False,False,2060.699951171875,1.3130849556388067,,,,,2.128067151165034,,,,,0.2598869618495862,,,,,1.0663970275055406,,,,
nse,ANANDRATHI.NS,1d,1789962300,True,False,2268.39990234375,0.7388977749980202,-0.049208430760394425,-1.2110312906449412,-1.2110312906449412,-1.2110312906449412,2.289085230230982,-1.0677805506478324,-1.0677805506478324,-1.0677805506478324,-1.0677805506478324,0.1486583013041489,-2.0509044532247356,-2.0509044532247356,-2.0509044532247356,-2.0509044532247356,1.7080636858890281,-1.0910071266318964,-1.0910071266318964,-1.0910071266318964,-1.0910071266318964
nse,ANANDRATHI.NS,1d,1790567100,False,False,2007.0,1.67114510012012,1.9363909214152863,1.4363909214152863,0.9939106660431106,3.0544277019774735,4.345981022852493,-0.00833873866669858,1.1745085542229394,1.1745085542229394,1.1745085542229394,0.3298196086408036,,,,,2.9693669978846198,,,,
nse,EXIDEIND.NS,1d,1788320700,True,False,496.3999938964844,3.7858221894634663,-1.0407856156939983,-1.0407856156939983,-1.0407856156939983,-1.0407856156939983,3.7858221894634663,-1.0407856156939983,-1.0407856156939983,-1.0407856156939983,-1.0407856156939983,0.7808125785790704,1.863859775167242,1.363859775167242,1.1241149077223955,-1.1996760784699907,0.7808125785790704,1.863859775167242,1.363859775167242,1.1241149077223955,-1.1996760784699907
nse,HFCL.NS,4h,1789530300,True,True,256.70001220703125,4.836001214375188,-0.007518608533827178,-1.031820091139638,-1.031820091139638,-1.031820091139638,4.836001214375188,-0.007518608533827178,-1.031820091139638,-1.031820091139638,-1.031820091139638,1.0061252253686064,1.8943471475322013,1.3943471475322013,1.9476809766256018,-1.1548484556981902,1.0061252253686064,1.8943471475322013,1.3943471475322013,1.9476809766256018,-1.1548484556981902
nse,HFCL.NS,1d,1789530300,True,False,256.70001220703125,4.836001214375188,-0.007518608533827178,-1.031820091139638,-1.031820091139638,-1.031820091139638,4.836001214375188,-0.007518608533827178,-1.031820091139638,-1.031820091139638,-1.031820091139638,1.0061252253686064,1.8943471475322013,1.3943471475322013,1.6137738152200938,-1.1548484556981902,1.0061252253686064,1.8943471475322013,1.3943471475322013,1.6137738152200938,-1.1548484556981902
nse,DALBHARAT.NS,4h,1789724700,False,False,1672.0999755859375,1.9192335582567253,1.9446133069408424,1.4446133069408424,1.2981201464854009,3.9446133069408487,1.9192335582567253,1.9446133069408424,1.4446133069408424,1.2981201464854009,3.9446133069408487,0.37804229990401433,,,,,0.37804229990401433,,,,
nse,NUVAMA.NS,4h,1788324300,False,False,1579.9000244140625,3.6119058672744524,-0.010033484075083983,1.4705695541616608,1.5574201788303959,2.020081637764349,3.6119058672744524,-0.010033484075083983,1.4705695541616608,1.5574201788303959,2.020081637764349,0.7020939941209394,,,,,0.7020939941209394,,,,
nse,KARURVYSYA.NS,4h,1788770700,True,False,358.6499938964844,1.2858941370207888,-1.121049663771013,-1.121049663771013,-1.121049663771013,-1.121049663771013,1.2858941370207888,-1.121049663771013,-1.121049663771013,-1.121049663771013,-1.121049663771013,0.25985196434370095,-1.6009963188550644,-1.6009963188550644,-1.6009963188550644,-1.6009963188550644,0.25985196434370095,-1.6009963188550644,-1.6009963188550644,-1.6009963188550644,-1.6009963188550644
nse,KARURVYSYA.NS,4h,1790325900,False,False,318.0,0.9103686345945003,,,,,2.9003754484845925,,,,,0.1807572808472299,,,,,2.1563757659154725,,,,
nse,KARURVYSYA.NS,4h,1790754300,False,True,312.0,1.169926997474852,-0.03097629175001558,1.4091396298833723,0.7380350681265517,-1.1340980794847446,3.9326808437275833,-0.009215087987066536,-1.0402438811362724,-1.0402438811362724,-1.0402438811362724,0.23181573955778095,1.5414461494168548,1.0414461494168548,2.6859233406327947,-1.6747423974237325,2.968951592767104,-0.012206329024793846,-1.053144846207927,-1.053144846207927,-1.053144846207927
nse,AEGISVOPAK.NS,4h,1790221500,True,False,320.95001220703125,3.0068425503767786,-0.012092419004595949,1.4646473008749061,1.2607960553118365,-1.0514814381303093,3.0068425503767786,-0.012092419004595949,1.4646473008749061,1.2607960553118365,-1.0514814381303093,0.6161908202962997,,,,,0.6161908202962997,,,,
nse,AEGISVOPAK.NS,1d,1790221500,True,True,320.95001220703125,3.0068425503767786,-0.012092419004595949,1.4646473008749061,1.1447691107563387,-1.0514814381303093,9.093845980429336,-0.003998308315123599,-0.07665290792953178,-0.07665290792953178,-0.07665290792953178,0.6161908202962997,,,,,6.853224475817278,,,,
nse,LALPATHLAB.NS,4h,1789616700,True,False,2035.0,1.2605040196668267,-1.1234980179050198,-1.1234980179050198,-1.1234980179050198,-1.1234980179050198,3.0042023529586355,-0.012103046242604214,-1.0515271212243993,-1.0515271212243993,-1.0515271212243993,0.2546688932422934,1.5825952724470924,1.0825952724470924,-0.26532140853900316,-1.6132380895250986,2.0161298555216165,-0.018034552635793552,1.4472752215295686,1.076712661810168,-1.0770247683436376
nse,LALPATHLAB.NS,1d,1789616700,True,False,2038.5999755859375,1.2976619692927647,-1.1199473920779108,-1.1199473920779108,-1.1199473920779108,-1.1199473920779108,3.0436370866082267,-0.011946233721481,-1.050853034396811,-1.050853034396811,-1.050853034396811,0.26225493995324006,1.5946692175981385,1.0946692175981385,-0.25040787139571363,-1.5954849603895658,2.0265456812507594,-0.017941860544471576,1.4475462107844552,0.605670215979188,-1.076626314716743
nse,ABSLAMC.NS,4h,1789101900,False,False,974.2999877929688,3.0864135069391128,1.9655587302994209,1.4655587302994209,1.7300135294795707,3.9655587302994144,3.0864135069391128,1.9655587302994209,1.4655587302994209,1.7300135294795707,3.9655587302994144,0.6024084488031716,,,,,0.6024084488031716,,,,
nse,ABSLAMC.NS,4h,1790761500,False,False,949.2000122070312,2.2093177874091174,1.951885599887077,1.451885599887077,1.3095828782256789,1.6566080192527801,6.405194223281577,0.5714071168047481,0.5714071168047481,0.5714071168047481,0.5714071168047481,0.4341894575484888,,,,,4.55719368087567,,,,
nse,ABSLAMC.NS,4h,1790844300,False,False,945.5499877929688,1.221970687144176,-1.1284081418599967,-1.1284081418599967,-1.1284081418599967,-1.1284081418599967,11.443464094372091,-0.07835729084809526,-0.07835729084809526,-0.07835729084809526,-0.07835729084809526,0.24202812721347872,-1.6462927092999895,-1.6462927092999895,-1.6462927092999895,-1.6462927092999895,10.364565978174342,0.007630364949919385,0.007630364949919385,0.007630364949919385,0.007630364949919385
nse,ABSLAMC.NS,4h,1791521100,True,False,1043.5999755859375,1.3952610509034113,,,,,4.661742584971849,,,,,0.2822021758158484,,,,,3.585556037731342,,,,
nse,ABSLAMC.NS,1d,1789101900,False,False,973.2999877929688,3.1119571089234284,1.9658414315238508,1.4658414315238508,1.3133996489561592,3.965841431523851,3.1119571089234284,1.9658414315238508,1.4658414315238508,1.3133996489561592,3.965841431523851,0.6072729624834353,,,,,0.6072729624834353,,,,
nse,ABSLAMC.NS,1d,1791182700,False,False,942.5,2.3092778496995336,-0.015693217689118726,1.453968293588478,1.4633512862769227,1.4727342789653677,2.662216272297348,-0.013612718236719973,1.4600708623464806,1.3687800523931195,1.2774892424397586,0.45347791785172825,,,,,4.860411604156518,,,,
nse,ABSLAMC.NS,1w,1790793000,True,True,1224.9000244140625,7.556174220505685,,,,,7.556174220505685,,,,,1.6084656154451034,,,,,1.6084656154451034,,,,
nse,JUBLFOOD.NS,4h,1789451100,True,False,526.2000122070312,3.5036402602612724,,,,,3.5036402602612724,,,,,0.7209352337317984,,,,,0.7209352337317984,,,,
nse,JUBLFOOD.NS,1d,1789098300,True,False,527.8499755859375,3.5487898903535986,1.9700461274732135,1.4700461274732135,1.4674825432101553,-1.0435431822759818,3.5487898903535986,1.9700461274732135,1.4700461274732135,1.4674825432101553,-1.0435431822759818,0.7304970216331635,,,,,0.7304970216331635,,,,
nse,MANAPPURAM.NS,1w,1790620200,True,False,381.54998779296875,6.118487489726525,0.42357534619848775,0.42357534619848775,0.42357534619848775,0.42357534619848775,7.9152298454415915,0.3274245356456154,0.3274245356456154,0.3274245356456154,0.3274245356456154,1.2866776676478069,,,,,1.2866776676478069,,,,
nse,CRAFTSMAN.NS,4h,1790585100,True,False,11999.0,4.004389696782175,-0.009080035349510802,-0.3703826420379084,-0.3703826420379084,-0.3703826420379084,4.004389696782175,-0.009080035349510802,-0.3703826420379084,-0.3703826420379084,-0.3703826420379084,0.827383259348641,,,,,0.827383259348641,,,,
nse,CRAFTSMAN.NS,1d,1790585100,True,False,11999.0,4.053057725972941,-0.00897100472243249,-0.3251054969009973,-0.3251054969009973,-0.3251054969009973,4.053057725972941,-0.00897100472243249,-0.3251054969009973,-0.3251054969009973,-0.3251054969009973,0.8377759804770519,,,,,0.8377759804770519,,,,
nse,KIMS.NS,1d,1790747100,True,True,858.0,4.7074957058503415,-1.0327023669837343,-1.0327023669837343,-1.0327023669837343,-1.0327023669837343,4.7074957058503415,-1.0327023669837343,-1.0327023669837343,-1.0327023669837343,-1.0327023669837343,0.978343524701083,-0.0371648598697521,-1.1592598349186714,-1.1592598349186714,-1.1592598349186714,0.978343524701083,-0.0371648598697521,-1.1592598349186714,-1.1592598349186714,-1.1592598349186714
nse,KIMS.NS,1w,1791138600,True,False,858.0,5.521208618385779,0.05058799989932995,0.05058799989932995,0.05058799989932995,0.05058799989932995,5.521208618385779,0.05058799989932995,0.05058799989932995,0.05058799989932995,0.05058799989932995,1.1552695994285442,,,,,1.1552695994285442,,,,
nse,PNBHOUSING.NS,4h,1789620300,True,True,1211.5,2.3138416885991986,-0.01571412606971324,1.4540590868754057,1.2723269614868291,-1.0670499973788674,2.3138416885991986,-0.01571412606971324,1.4540590868754057,1.2723269614868291,-1.0670499973788674,0.4714960759318521,,,,,0.4714960759318521,,,,
nse,REDINGTON.NS,4h,1788234300,True,False,378.45001220703125,2.1740308241627093,1.9511046491068316,1.4511046491068316,2.5928716931471207,3.9511046491068162,7.207894960017047,1.9852522823113188,1.4852522823113188,1.5687030918065958,1.1917242612856402,0.4425022734911907,,,,,5.565466262327983,,,,
nse,REDINGTON.NS,4h,1789530300,True,True,403.0,2.185277880063214,,,,,7.244666698053952,,,,,0.4448322323135575,,,,,5.594244219186257,,,,
nse,REDINGTON.NS,4h,1791535500,True,False,419.45001220703125,2.7408518605227026,,,,,2.7408518605227026,,,,,0.5604594629998316,,,,,0.5604594629998316,,,,
nse,NEULANDLAB.NS,4h,1790826300,True,False,24225.0,4.072558385137892,,,,,4.072558385137892,,,,,0.8419425588503795,,,,,0.8419425588503795,,,,
nse,NEULANDLAB.NS,1d,1790826300,True,False,24225.0,4.072558385137892,,,,,4.072558385137892,,,,,0.8419425588503795,,,,,0.8419425588503795,,,,
nse,HONAUT.NS,4h,1788929100,True,True,41435.0,5.3695505585036205,-0.00677151646191697,-0.27041106579306584,-1.0286085814905805,-0.27041106579306584,5.3695505585036205,-0.00677151646191697,-0.27041106579306584,-1.0286085814905805,-0.27041106579306584,1.1221120090185557,,,,,1.1221120090185557,,,,
nse,HONAUT.NS,1d,1790243100,True,False,41495.0,6.346553352219074,,,,,6.346553352219074,,,,,1.3372037499801042,,,,,1.3372037499801042,,,,
nse,IKS.NS,1d,1790307900,True,False,1970.0,2.1496453376708997,-1.072209668549021,-1.072209668549021,-1.072209668549021,-1.072209668549021,4.594899087170763,-1.033515980989964,-1.033515980989964,-1.033515980989964,-1.033515980989964,0.4374520007653808,-1.3567963427451044,-1.3567963427451044,-1.3567963427451044,-1.3567963427451044,2.9254929960691545,-0.012428674431577167,-1.0529268925647801,-1.0529268925647801,-1.0529268925647801
nse,NETWEB.NS,4h,1788929100,True,False,5807.89990234375,4.772742557269297,-1.032248466552411,-1.032248466552411,-1.032248466552411,-1.032248466552411,4.772742557269297,-1.032248466552411,-1.032248466552411,-1.032248466552411,-1.032248466552411,0.9924418677567187,,,,,0.9924418677567187,,,,
nse,NETWEB.NS,1d,1788929100,True,False,5813.0,4.785206288044933,-1.032163168647605,-1.032163168647605,-1.032163168647605,-1.032163168647605,2.6819085487077547,-1.0577793921423257,-1.0577793921423257,-1.0577793921423257,-1.0577793921423257,0.9951367340675766,-0.03653769251526601,-1.1565638432380265,-1.1565638432380265,-1.1565638432380265,0.9951367340675766,-0.03653769251526601,-1.1565638432380265,-1.1565638432380265,-1.1565638432380265
nse,PPLPHARMA.NS,4h,1789011900,True,False,231.89999389648438,1.888265958696062,-1.082274356694929,-1.082274356694929,-1.082274356694929,-1.082274356694929,2.3306830765846014,-1.06656188480548,-1.06656188480548,-1.06656188480548,-1.06656188480548,0.38344556946589986,-0.09482441028241057,-1.4071197834746398,-1.4071197834746398,-1.4071197834746398,0.38344556946589986,-0.09482441028241057,-1.4071197834746398,-1.4071197834746398,-1.4071197834746398
nse,PPLPHARMA.NS,4h,1789980300,False,False,199.0,2.083764817576275,,,,,6.926413542379856,,,,,0.40991955592585927,,,,,5.173164424138384,,,,
nse,PPLPHARMA.NS,4h,1791351900,False,False,193.89999389648438,1.5123442446089466,,,,,4.123202768098174,,,,,0.2988530988100326,,,,,2.8785010958872865,,,,
nse,PPLPHARMA.NS,1d,1788842700,False,False,132.3000030517578,10.549195626707544,1.2995115223657208,1.2995115223657208,1.3040673565378755,1.2995115223657208,10.549195626707544,1.2995115223657208,1.2995115223657208,1.3040673565378755,1.2995115223657208,1.9456396583420668,,,,,1.9456396583420668,,,,
nse,ACMESOLAR.NS,4h,1788943500,True,True,430.1000061035156,1.7698210422289484,-1.0878140138299826,-1.0878140138299826,-1.0878140138299826,-1.0878140138299826,2.715236703131467,-0.013391097710953127,1.4608505586723233,1.3539298053660807,2.5680943988691367,0.3590478114203276,-1.4348180691499197,-1.4348180691499197,-1.4348180691499197,-1.4348180691499197,3.3741768766893228,1.9684960202488557,1.4684960202488557,1.4562420248324037,2.5223477562440983
nse,ACMESOLAR.NS,4h,1790307900,True,False,476.3500061035156,2.73831009907805,-0.013278262389726014,1.4611804375129793,0.9921761970460135,-1.0565789992165684,6.0394381714835665,-0.006020427557595692,-0.3714548259662096,-0.3714548259662096,-0.3714548259662096,0.5599280734008134,,,,,3.9349919170715855,,,,
nse,BANDHANBNK.NS,4h,1788839100,False,False,159.25999450683594,1.7144684548409557,-0.021137746744576982,-1.091665281903367,-1.091665281903367,-1.091665281903367,3.2870668835174532,-0.011025026652702098,-1.0480499907786303,-1.0480499907786303,-1.0480499907786303,0.33825428061751855,-1.4625784095168395,-1.4625784095168395,-1.4625784095168395,-1.4625784095168395,1.8895751832863275,-0.019178914033455653,-1.0832170050615084,-1.0832170050615084,-1.0832170050615084
nse,BANDHANBNK.NS,4h,1790837100,True,False,193.0,2.659465175248586,-1.0582712151505782,-1.0582712151505782,-1.0582712151505782,-1.0582712151505782,2.659465175248586,-1.0582712151505782,-1.0582712151505782,-1.0582712151505782,-1.0582712151505782,0.5434554416200227,-1.2871040757528887,-1.2871040757528887,-1.2871040757528887,-1.2871040757528887,0.5434554416200227,-1.2871040757528887,-1.2871040757528887,-1.2871040757528887,-1.2871040757528887
nse,BANDHANBNK.NS,1d,1790135100,False,False,159.24000549316406,4.381175554417126,,,,,4.381175554417126,,,,,0.8465635622112632,,,,,0.8465635622112632,,,,
nse,RRKABEL.NS,4h,1788493500,True,False,2979.699951171875,4.424892578784653,-1.0348228913961413,-1.0348228913961413,-1.0348228913961413,-1.0348228913961413,4.424892578784653,-1.0348228913961413,-1.0348228913961413,-1.0348228913961413,-1.0348228913961413,0.9174556576024464,-1.1698624569807055,-1.1698624569807055,-1.1698624569807055,-1.1698624569807055,0.9174556576024464,-1.1698624569807055,-1.1698624569807055,-1.1698624569807055,-1.1698624569807055
nse,RRKABEL.NS,1d,1788493500,True,False,2983.800048828125,4.450316266113455,-1.0346210994126703,-1.0346210994126703,-1.0346210994126703,-1.0346210994126703,4.450316266113455,-1.0346210994126703,-1.0346210994126703,-1.0346210994126703,-1.0346210994126703,0.9229215971933882,-1.1688534970633508,-1.1688534970633508,-1.1688534970633508,-1.1688534970633508,0.9229215971933882,-1.1688534970633508,-1.1688534970633508,-1.1688534970633508,-1.1688534970633508
nse,ANGELONE.NS,4h,1791258300,False,True,267.79998779296875,1.9852183713771756,-1.0792318928000675,-1.0792318928000675,-1.0792318928000675,-1.0792318928000675,3.5410472773010655,-1.044639484101757,-1.044639484101757,-1.044639484101757,-1.044639484101757,0.39083650775226964,-0.09272419357245892,1.2280192666459453,0.7691991713359976,-1.400411464000346,1.9223424242261062,-1.0818070543677583,-1.0818070543677583,-1.0818070543677583,-1.0818070543677583
nse,DATAPATTNS.NS,4h,1788248700,True,False,4998.89990234375,3.441915952366976,,,,,3.441915952366976,,,,,0.7078747537305475,,,,,0.7078747537305475,,,,
nse,DATAPATTNS.NS,1d,1788248700,True,False,5000.0,3.4449703603408808,,,,,2.888233911346976,,,,,0.7085207355370774,,,,,0.7085207355370774,,,,
nse,APOLLOTYRE.NS,4h,1790675100,False,False,386.8999938964844,2.5312872393501635,,,,,2.5312872393501635,,,,,0.49620906644646373,,,,,0.49620906644646373,,,,
nse,CGCL.NS,4h,1789530300,True,False,286.95001220703125,3.7683021839224287,,,,,3.7683021839224287,,,,,0.7770868204863701,,,,,0.7770868204863701,,,,
nse,CGCL.NS,1d,1789530300,True,False,287.45001220703125,3.89496545652334,,,,,2.67178749618212,,,,,0.8040469727798659,,,,,7.866771778897315,,,,
nse,IIFL.NS,4h,1788853500,True,False,705.0,3.488186803732004,-0.010423753670845973,-1.0443083800537218,-1.0443083800537218,-1.0443083800537218,3.488186803732004,-0.010423753670845973,-1.0443083800537218,-1.0443083800537218,-1.0443083800537218,0.7176641332184428,1.851880573265817,1.351880573265817,0.8955331967980388,-1.2172899002686064,0.7176641332184428,1.851880573265817,1.351880573265817,0.8955331967980388,-1.2172899002686064
nse,ITI.NS,4h,1791261900,False,False,238.1300048828125,1.2725138987762947,,,,,1.2964827817236129,,,,,0.2519380226714266,,,,,1.8949282570374877,,,,
nse,ASAHIINDIA.NS,4h,1789098300,True,False,993.4000244140625,0.8353448802804406,-0.043526932238808436,-1.186608347330175,-1.186608347330175,-1.186608347330175,1.2722631123661292,-1.1223519466459368,-1.1223519466459368,-1.1223519466459368,-1.1223519466459368,0.16819296914146,1.3679878502495812,0.8679878502495811,-0.45260914059687174,-1.9287897366508755,1.9367653693162907,-1.0802015668889113,-1.0802015668889113,-1.0802015668889113,-1.0802015668889113
nse,ASAHIINDIA.NS,4h,1789458300,True,False,994.9500122070312,0.8568939119050252,-1.181902976411069,-1.181902976411069,-1.181902976411069,-1.181902976411069,1.3438469630884657,-1.115807886458131,-1.115807886458131,-1.115807886458131,-1.115807886458131,0.17256171907302206,-1.90526288205532,-1.90526288205532,-1.90526288205532,-1.90526288205532,1.9908577253924828,-1.0780088748464898,-1.0780088748464898,-1.0780088748464898,-1.0780088748464898
nse,ASAHIINDIA.NS,4h,1789548300,False,False,920.0499877929688,1.071397338228551,-0.033824986031712426,-1.1463842526699066,-1.1463842526699066,-1.1463842526699066,3.448488488957296,-1.0458242052280287,-1.0458242052280287,-1.0458242052280287,-1.0458242052280287,0.21245844831761693,,,,,2.5693482751506274,,,,
nse,PFOCUS.NS,4h,1790243100,True,False,360.6000061035156,3.628590717404581,-0.010020419174196962,-1.0425745741729147,-1.0425745741729147,-1.0425745741729147,2.55709324497418,-1.0606240909212827,-1.0606240909212827,-1.0606240909212827,-1.0606240909212827,0.7474146380215416,,,,,0.7474146380215416,,,,
nse,CHENNPETRO.NS,4h,1789454700,True,False,1673.699951171875,3.230186008264161,-1.0478873063656744,-1.0478873063656744,-1.0478873063656744,-1.0478873063656744,4.608399075734871,-1.0334163335100437,-1.0334163335100437,-1.0334163335100437,-1.0334163335100437,0.6631746206993783,-1.2351845318283736,-1.2351845318283736,-1.2351845318283736,-1.2351845318283736,2.0779475253006012,-1.0747184538333756,-1.0747184538333756,-1.0747184538333756,-1.0747184538333756
nse,CHENNPETRO.NS,1d,1790840700,True,True,1677.5,6.0907237512742105,1.982547230125523,1.482547230125523,1.7760735935984453,1.6686639213579306,6.0907237512742105,1.982547230125523,1.482547230125523,1.7760735935984453,1.6686639213579306,1.2805400771538862,,,,,1.2805400771538862,,,,
nse,IRB.NS,4h,1788414300,False,True,18.760000228881836,1.547068365840934,,,,,1.547068365840934,,,,,0.30563101654960084,,,,,0.30563101654960084,,,,
nse,IRB.NS,1d,1788414300,False,True,18.760000228881836,1.5664039418054394,-1.1002826906767416,-1.1002826906767416,-1.1002826906767416,-1.1002826906767416,1.5664039418054394,-1.1002826906767416,-1.1002826906767416,-1.1002826906767416,-1.1002826906767416,0.30940358045679445,-1.5056654533837133,-1.5056654533837133,-1.5056654533837133,-1.5056654533837133,0.30940358045679445,-1.5056654533837133,-1.5056654533837133,-1.5056654533837133,-1.5056654533837133
nse,EMMVEE.NS,4h,1789022700,False,False,306.6499938964844,2.6066539331282073,-0.013902881214656368,1.459219749638023,1.6607468499894844,-1.0604619297420241,2.6066539331282073,-0.013902881214656368,1.459219749638023,1.6607468499894844,-1.0604619297420241,0.5106814285903503,,,,,0.5106814285903503,,,,
nse,EMMVEE.NS,1d,1790837100,True,False,371.54998779296875,5.648353746559132,-0.006437273873320286,-0.19552698202327193,-0.19552698202327193,-0.19552698202327193,5.648353746559132,-0.006437273873320286,-0.19552698202327193,-0.19552698202327193,-0.19552698202327193,1.183132768559586,,,,,1.183132768559586,,,,
nse,IFCI.NS,4h,1789011900,True,True,107.5,6.281827440710018,-1.0243812947307473,-1.0243812947307473,-1.0243812947307473,-1.0243812947307473,2.9634256350426926,-1.0522430140819923,-1.0522430140819923,-1.0522430140819923,-1.0522430140819923,1.3228445370427095,-0.02748622304574199,-1.1176544736537368,-1.1176544736537368,-1.1176544736537368,1.3228445370427095,-0.02748622304574199,-1.1176544736537368,-1.1176544736537368,-1.1176544736537368
nse,IFCI.NS,1d,1789011900,True,False,107.5,6.301866158814659,-1.024302177015674,-1.024302177015674,-1.024302177015674,-1.024302177015674,15.397852982699566,-1.009650765835705,-1.009650765835705,-1.009650765835705,-1.009650765835705,1.327288381645155,-1.1172588850783691,-1.1172588850783691,-1.1172588850783691,-1.1172588850783691,10.906195110767655,-1.013831304218616,-1.013831304218616,-1.013831304218616,-1.013831304218616
nse,IFCI.NS,1w,1790706600,True,False,107.5,14.357106004028712,-0.10277586757345612,-0.10277586757345612,-0.10277586757345612,-0.10277586757345612,14.357106004028712,-0.10277586757345612,-0.10277586757345612,-0.10277586757345612,-0.10277586757345612,3.2440189978561724,,,,,3.2440189978561724,,,,
nse,JYOTICNC.NS,4h,1790567100,True,False,1134.5999755859375,2.773426091952024,,,,,9.167590542814771,,,,,0.5672715030936056,,,,,7.1065250451191,,,,
nse,JYOTICNC.NS,1d,1790567100,True,False,1134.5999755859375,2.773426091952024,-0.013110138433296056,1.461671955020376,1.3148850956040015,-1.0558562881497187,7.265058215456537,-0.005004777514741696,-0.3057440052523347,-0.3057440052523347,-0.3057440052523347,0.5672715030936056,1.8126117751018784,1.3126117751018784,3.108598042892066,-1.2750294407485958,5.160822622839875,-0.007045388430728968,1.4794025085207239,1.2807625026266403,-2.9447627799127074e-05
nse,CUB.NS,4h,1789098300,True,False,248.5800018310547,2.9428960809975,1.9638791187067777,1.4638791187067777,1.5987497177225776,-1.0526109477528758,2.9428960809975,1.9638791187067777,1.4638791187067777,1.5987497177225776,-1.0526109477528758,0.6027703399693972,1.8236475935338874,1.3236475935338874,6.998000588612917,-1.2588027387643799,0.6027703399693972,1.8236475935338874,1.3236475935338874,6.998000588612917,-1.2588027387643799
nse,CUB.NS,1d,1789530300,True,True,248.85000610351562,2.974567105171603,1.9642637075441378,1.4642637075441378,1.515000670053579,-1.0520454610616308,5.0635705076956405,-0.007180703802729199,-1.03036754687477,-1.03036754687477,-1.03036754687477,0.6094153969802613,,,,,2.7493416330179916,,,,
nse,AFFLE.NS,4h,1788504300,False,False,1489.9000244140625,2.176286885721029,-0.01665221632210631,1.4511553367814458,1.2525789138400234,1.4706006451372122,7.22951583762209,0.4426920100914644,0.4426920100914644,1.4452840375864824,0.4426920100914644,0.4278090945674064,,,,,5.394565354366281,,,,
nse,AFFLE.NS,1d,1790826300,True,False,1748.199951171875,4.632416077379459,-1.0332404925181984,-1.0332404925181984,-1.0332404925181984,-1.0332404925181984,4.632416077379459,-1.0332404925181984,-1.0332404925181984,-1.0332404925181984,-1.0332404925181984,0.9621394578206002,-1.161950462590994,-1.161950462590994,-1.161950462590994,-1.161950462590994,0.9621394578206002,-1.161950462590994,-1.161950462590994,-1.161950462590994,-1.161950462590994
nse,GRANULES.NS,4h,1789530300,True,False,919.0,1.663571874138672,-1.093454461739702,-1.093454461739702,-1.093454461739702,-1.093454461739702,4.582478638678137,-0.007934570538550866,-1.0336081786351954,-1.0336081786351954,-1.0336081786351954,0.3372020536465223,1.6847587407891922,1.1847587407891922,4.248798418138172,-1.4630203086985056,3.295479272402204,-0.011033296523663721,-1.0469286096438009,-1.0469286096438009,-1.0469286096438009
nse,GRANULES.NS,1d,1789530300,True,False,923.6500244140625,1.7429304298690145,-1.0891765569763692,-1.0891765569763692,-1.0891765569763692,-1.0891765569763692,4.2480786537679345,-0.008559163556858304,-1.036293104068674,-1.036293104068674,-1.036293104068674,0.35351530665697295,-1.4416307848818524,-1.4416307848818524,-1.4416307848818524,-1.4416307848818524,2.894087860259606,-0.012563543940489644,1.46326994717069,1.1018857270759912,-1.0535066534075355
nse,ANANTRAJ.NS,4h,1788925500,False,False,571.75,1.7292781700889388,-1.0908845330979655,-1.0908845330979655,-1.0908845330979655,-1.0908845330979655,5.031767028226041,-0.007202241239850717,-0.10565276631305379,1.3859179324263131,-0.10565276631305379,0.3411362778710023,-1.4586746654898328,-1.4586746654898328,-1.4586746654898328,-1.4586746654898328,3.59856118573709,1.970460416118164,1.470460416118164,1.181963907940831,0.2330733442987369
nse,ANANTRAJ.NS,4h,1791276300,False,False,569.0499877929688,1.5193999994932892,-1.1033695538055266,-1.1033695538055266,-1.1033695538055266,-1.1033695538055266,5.077554398339992,1.1207582326024759,1.1207582326024759,1.1207582326024759,1.1207582326024759,0.300230636467489,-1.5210997690276267,-1.5210997690276267,-1.5210997690276267,-1.5210997690276267,3.8156543569215793,1.787901940361971,1.4721410824837495,1.6300215114228602,1.787901940361971
nse,FINCABLES.NS,4h,1789465500,True,False,1498.0,3.210922787193974,1.9668942521994135,1.4668942521994135,1.5133977782773553,2.5428484769061583,8.859595057600638,0.9215872808853517,0.9215872808853517,0.5083602336271628,0.9215872808853517,0.659115509509826,,,,,6.456712879979013,,,,
nse,FINCABLES.NS,1d,1789465500,True,False,1498.0,3.228465901596092,1.9670741450459652,1.4670741450459652,2.1494386639211402,1.4151979138333601,5.873706823449599,1.9819023994225216,1.4819023994225216,1.5191973984481528,0.7778594244064817,0.6628121107079086,,,,,3.3781849413111997,,,,
nse,CAPLIPOINT.NS,4h,1789443900,True,True,2874.300048828125,2.5824943774213533,-1.060022881043433,-1.060022881043433,-1.060022881043433,-1.060022881043433,4.198675805011883,-1.0367260225029606,-1.0367260225029606,-1.0367260225029606,-1.0367260225029606,0.5273948289273622,-1.2958624052171626,-1.2958624052171626,-1.2958624052171626,-1.2958624052171626,2.177670885618678,-1.071273931052765,-1.071273931052765,-1.071273931052765,-1.071273931052765
nse,CAPLIPOINT.NS,4h,1790671500,True,False,2990.0,2.513834862183497,-0.01446395725788209,-1.0616759218758887,-1.0616759218758887,-1.0616759218758887,8.318868816687946,-1.0182886121832406,-1.0182886121832406,-1.0182886121832406,-1.0182886121832406,0.5130854695620246,-1.3041276093794387,-1.3041276093794387,-1.3041276093794387,-1.3041276093794387,6.437258566961286,-1.0237805222711112,-1.0237805222711112,-1.0237805222711112,-1.0237805222711112
nse,CAPLIPOINT.NS,1d,1789443900,True,True,2877.300048828125,2.6115480868752985,-1.059349558499612,-1.059349558499612,-1.059349558499612,-1.059349558499612,4.431676740706754,1.976013593450174,1.476013593450174,1.4650693439874418,2.3331783775032844,0.5334547594263754,-1.2924957924980602,-1.2924957924980602,-1.2924957924980602,-1.2924957924980602,2.3924216649840195,1.9555680331958916,1.4555680331958916,2.5497470101158135,5.307013563730562
nse,CAPLIPOINT.NS,1d,1790739900,True,True,2990.0,2.5294399278157864,-0.014374723669124567,-1.0612923352443333,-1.0612923352443333,-1.0612923352443333,8.307344514986408,-1.0183146765453186,-1.0183146765453186,-1.0183146765453186,-1.0183146765453186,0.5163363191784451,-1.3022096762216684,-1.3022096762216684,-1.3022096762216684,-1.3022096762216684,6.413574585833224,-1.023870185129716,-1.023870185129716,-1.023870185129716,-1.023870185129716
nse,BRIGADE.NS,4h,1790318700,True,True,733.9000244140625,5.947833705715966,-1.0257784751109955,-1.0257784751109955,-1.0257784751109955,-1.0257784751109955,5.947833705715966,-1.0257784751109955,-1.0257784751109955,-1.0257784751109955,-1.0257784751109955,1.2489973704076807,-0.02911135032104961,1.4148917343474445,1.1201499496674008,-1.1246403755549776,1.2489973704076807,-0.02911135032104961,1.4148917343474445,1.1201499496674008,-1.1246403755549776
nse,BRIGADE.NS,1d,1789530300,True,True,735.0,5.526932570706231,-0.006578694336298187,-1.0277797009010767,-1.0277797009010767,-1.0277797009010767,4.4031039588241825,-0.008257810930659179,-1.034997685601261,-1.034997685601261,-1.034997685601261,1.1565226978827643,,,,,1.1565226978827643,,,,
nse,CARBORUNIV.NS,1w,1791484200,True,False,1368.9000244140625,4.101755741182336,,,,,12.03233935272901,,,,,0.8481834799025912,,,,,9.047830691661273,,,,
nse,JINDALSAW.NS,4h,1789098300,True,False,320.0,1.003364752710082,-1.1552758527771996,-1.1552758527771996,-1.1552758527771996,-1.1552758527771996,2.1789985234730325,-1.0712302000512028,-1.0712302000512028,-1.0712302000512028,-1.0712302000512028,0.2022967701319086,-1.7721272638860257,-1.7721272638860257,-1.7721272638860257,-1.7721272638860257,1.3874436174821936,-1.1121532264306602,-1.1121532264306602,-1.1121532264306602,-1.1121532264306602
nse,JINDALSAW.NS,1d,1789530300,True,True,320.0,3.6148618438701563,-0.010058475695734547,1.4705936202844774,1.199519725394491,-1.0427381669758806,3.6148618438701563,-0.010058475695734547,1.4705936202844774,1.199519725394491,-1.0427381669758806,0.7445025599469627,,,,,0.7445025599469627,,,,
nse,PINELABS.NS,4h,1789098300,False,False,135.0,6.080142001581787,-1.0262066364501592,-1.0262066364501592,-1.0262066364501592,-1.0262066364501592,6.080142001581787,-1.0262066364501592,-1.0262066364501592,-1.0262066364501592,-1.0262066364501592,1.1596230193106565,-1.1352851822507963,-1.1352851822507963,-1.1352851822507963,-1.1352851822507963,1.1596230193106565,-1.1352851822507963,-1.1352851822507963,-1.1352851822507963,-1.1352851822507963
nse,PINELABS.NS,1d,1789098300,False,False,134.72999572753906,6.1220031806889965,-1.026030858999392,-1.026030858999392,-1.026030858999392,-1.026030858999392,6.1220031806889965,-1.026030858999392,-1.026030858999392,-1.026030858999392,-1.026030858999392,1.1672341468602927,-1.1344062949969616,-1.1344062949969616,-1.1344062949969616,-1.1344062949969616,1.1672341468602927,-1.1344062949969616,-1.1344062949969616,-1.1344062949969616,-1.1344062949969616
nse,GESHIP.NS,4h,1789721100,False,True,1261.0,3.1638967753781855,-1.049901106008372,-1.049901106008372,-1.049901106008372,-1.049901106008372,3.1638967753781855,-1.049901106008372,-1.049901106008372,-1.049901106008372,-1.049901106008372,0.6171583525045454,-1.2537575300418595,-1.2537575300418595,-1.2537575300418595,-1.2537575300418595,0.6171583525045454,-1.2537575300418595,-1.2537575300418595,-1.2537575300418595,-1.2537575300418595
nse,GESHIP.NS,1d,1789721100,False,True,1261.0,3.2112114929892757,-1.0491732189210314,-1.0491732189210314,-1.0491732189210314,-1.0491732189210314,3.2112114929892757,-1.0491732189210314,-1.0491732189210314,-1.0491732189210314,-1.0491732189210314,0.626156530227634,-1.2501180946051589,-1.2501180946051589,-1.2501180946051589,-1.2501180946051589,0.626156530227634,-1.2501180946051589,-1.2501180946051589,-1.2501180946051589,-1.2501180946051589
nse,ELGIEQUIP.NS,4h,1788936300,True,True,653.2000122070312,1.2522260733341533,-1.1243177172863306,-1.1243177172863306,-1.1243177172863306,-1.1243177172863306,1.3916249767957272,-1.1118147418350355,-1.1118147418350355,-1.1118147418350355,-1.1118147418350355,0.2529795150246902,-1.6173365864316707,-1.6173365864316707,-1.6173365864316707,-1.6173365864316707,1.610477266021428,-1.096551975397415,-1.096551975397415,-1.096551975397415,-1.096551975397415
nse,ELGIEQUIP.NS,4h,1790048700,False,False,588.2000122070312,1.4324064148001765,,,,,2.755106572105458,,,,,0.2832356148669566,,,,,1.590950340478679,,,,
nse,ELGIEQUIP.NS,1d,1789011900,True,False,653.4000244140625,1.9999999192923623,1.9468499978551945,1.4468499978551945,1.2006196501666582,-1.0776500031536533,1.9999999192923623,1.9468499978551945,1.4468499978551945,1.2006196501666582,-1.0776500031536533,0.4065040483699199,-1.3839980157682747,-1.3839980157682747,-1.3839980157682747,-1.3839980157682747,0.4065040483699199,-1.3839980157682747,-1.3839980157682747,-1.3839980157682747,-1.3839980157682747
nse,AARTIIND.NS,4h,1789443900,True,True,551.75,3.648199589812822,-1.0423430507027214,-1.0423430507027214,-1.0423430507027214,-1.0423430507027214,3.648199589812822,-1.0423430507027214,-1.0423430507027214,-1.0423430507027214,-1.0423430507027214,0.7515750853059788,-1.2074632535136072,-1.2074632535136072,-1.2074632535136072,-1.2074632535136072,0.7515750853059788,-1.2074632535136072,-1.2074632535136072,-1.2074632535136072,-1.2074632535136072
nse,AARTIIND.NS,1d,1789443900,True,True,551.75,3.648199589812822,-1.0423430507027214,-1.0423430507027214,-1.0423430507027214,-1.0423430507027214,3.648199589812822,-1.0423430507027214,-1.0423430507027214,-1.0423430507027214,-1.0423430507027214,0.7515750853059788,-1.2074632535136072,-1.2074632535136072,-1.2074632535136072,-1.2074632535136072,0.7515750853059788,-1.2074632535136072,-1.2074632535136072,-1.2074632535136072,-1.2074632535136072
nse,OLAELEC.NS,1d,1791438300,True,False,49.04999923706055,10.740308749547523,0.20991255565622005,0.20991255565622005,0.20991255565622005,0.20991255565622005,10.740308749547523,0.20991255565622005,0.20991255565622005,0.20991255565622005,0.20991255565622005,2.349977632532987,,,,,2.349977632532987,,,,
nse,BEML.NS,4h,1789530300,True,False,2204.0,3.8585933007269952,1.9724511002546,1.4724511002546,1.9891483743161154,0.71479080464224,3.8585933007269952,1.9724511002546,1.4724511002546,1.9891483743161154,0.71479080464224,0.79629942516388,,,,,0.79629942516388,,,,
