source,kind,tf,alerts,filled,win_1r,net_R_at_2R,R_per_trade_2R,net_R_at_1R
bitunix (graded on bitunix),fib,1d,7,7,0.8333333333333334,6.8,0.9654957130179103,3.8
bitunix (graded on delta),fib,1d,7,7,1.0,7.8,1.116150385448989,5.8
delta (graded on delta),fib,1d,7,7,0.8,4.8,0.6820899993776278,2.8
bitunix (graded on bitunix),fib,4h,43,29,0.6111111111111112,6.1,0.21041550306593743,2.6
bitunix (graded on delta),fib,4h,43,28,0.631578947368421,6.3,0.2264331540589114,3.6
delta (graded on delta),fib,4h,29,22,0.6923076923076923,5.5,0.2506155910587582,4.2
bitunix (graded on bitunix),random,1d,244,232,0.450261780104712,0.7,0.0028957762931030888,-34.1
bitunix (graded on delta),random,1d,244,229,0.4473684210526316,-1.2,-0.0053393590975258625,-35.0
delta (graded on delta),random,1d,197,184,0.5,7.4,0.04029391249999948,-11.4
bitunix (graded on bitunix),random,4h,412,311,0.4067796610169492,-57.8,-0.18592868887096778,-73.5
bitunix (graded on delta),random,4h,412,304,0.4050632911392405,-60.6,-0.1993814976897692,-74.3
delta (graded on delta),random,4h,482,373,0.38436482084690554,-88.2,-0.23657824825737306,-108.4
bitunix (graded on bitunix),trendline,1d,41,37,0.25,-15.0,-0.4059500000000011,-19.2
bitunix (graded on delta),trendline,1d,41,37,0.23333333333333334,-16.0,-0.43118425925926035,-19.1
delta (graded on delta),trendline,1d,46,44,0.36363636363636365,-11.9,-0.2700130744186049,-12.1
bitunix (graded on bitunix),trendline,4h,464,316,0.3663003663003663,-90.3,-0.28573288904761845,-105.9
bitunix (graded on delta),trendline,4h,464,310,0.3471698113207547,-106.4,-0.3431517705211722,-114.0
delta (graded on delta),trendline,4h,476,316,0.3970037453183521,-73.6,-0.2328549742811502,-87.8
