event_time,event_time_ist,timeframe,symbol,side,distance_pct,alert_price,level,zone_bottom,zone_top,body_entry,planned_entry,stop_price,stop_distance_pct,rating,wick_to_body,wick_atr,departure_atr,touch_count,zone_age_candles,market_class,zone_id,source_line,trade_id,filled,entry_time,entry_price,entry_basis,target_1_price,target_2_price,exit_time,exit_price,bars_held,half_r_hit,target_1_hit,target_2_hit,outcome,final_result,realized_r,net_realized_r,cost_r,trail_net_r,mfe_r,mae_r,time_to_half_r,time_to_1r,time_to_2r,time_to_sl,final_resolution_time,time_to_resolution_seconds,time_to_best_secured_milestone_seconds,cooldown_blocked,ambiguous_interval_start,ambiguous_interval_end,timing_status,event_ts,planned_entry_x
2026-08-11 08:30:00+00:00,2026-08-11 14:00:00+05:30,30m,MRVL/USDT:USDT,long,0.2,207.82089216,205.76,205.76,207.40608,207.40608,207.40608,205.34848,0.9920634920634959,,,,,,,XSTOCK,MRVL/USDT:USDT|long|205.76000000|207.40608000,4,09ed28b678371f49,True,2026-08-11 14:40:00+05:30,207.40608,body,209.46368,211.52128000000002,2026-08-11 17:40:00+05:30,211.52128000000002,37,True,True,True,+2R,+2R,2.0,1.9167392000000003,0.08326079999999969,2.081172131570754,2.1160186625194264,0.07099533437014552,2026-08-11 15:10:00+05:30,2026-08-11 15:55:00+05:30,2026-08-11 17:40:00+05:30,,2026-08-11 17:40:00+05:30,10800.0,10800.0,False,,,,1786437000,207.40608
2026-08-11 17:10:00+00:00,2026-08-11 22:40:00+05:30,30m,SOXLBUSD,long,0.2,130.4103,129.18,129.18,130.15,130.15,130.15,,0.9316173645793359,,,,,,,XSTOCK,SOXLBUSD|long|129.18000000|130.15000000,9,f990c478e1c304f6,False,,,,,,,,0,False,False,False,zone_not_touched,,,,,,,,,,,,,,,False,,,,1786468200,130.15
2026-08-12 14:25:00+00:00,2026-08-12 19:55:00+05:30,30m,NVDAXUSD,short,0.2,224.6498,225.69,225.1,225.69,225.1,225.1,225.8375,0.32763216348290153,,,,,,,XSTOCK,NVDAXUSD|short|225.10000000|225.69000000,20,0e4c951434419d59,True,2026-08-12 20:15:00+05:30,225.1,body,224.36249999999998,223.62499999999997,2026-08-12 21:05:00+05:30,223.62499999999997,11,True,True,True,+2R,+2R,2.0,1.7478880000000039,0.2521119999999961,0.9052545254237343,2.0338983050847146,0.20338983050847914,2026-08-12 20:20:00+05:30,2026-08-12 20:25:00+05:30,2026-08-12 21:05:00+05:30,,2026-08-12 21:05:00+05:30,3000.0,3000.0,False,,,,1786544700,225.1
2026-08-13 04:05:00+00:00,2026-08-13 09:35:00+05:30,30m,NVDAXUSD,short,0.2,224.6498,225.69,225.1,225.69,225.1,225.1,225.8375,0.32763216348290153,,,,,,,XSTOCK,NVDAXUSD|short|225.10000000|225.69000000,24,2be733ee86916204,True,2026-08-13 10:55:00+05:30,225.1,body,224.36249999999998,223.62499999999997,2026-08-13 11:50:00+05:30,225.00242669085,12,True,False,False,BE,BE,0.13230279206778547,-0.11980920793221064,0.2521119999999961,0.023457915254205042,0.6779661016949048,0.06779661016950589,2026-08-13 11:30:00+05:30,,,2026-08-13 11:50:00+05:30,2026-08-13 11:55:00+05:30,3600.0,2100.0,False,,,,1786593900,225.1
2026-08-13 09:15:00+00:00,2026-08-13 14:45:00+05:30,30m,NVDAXUSD,long,0.2,223.63638,222.45,222.45,223.19,223.19,223.19,,0.414445091625974,,,,,,,XSTOCK,NVDAXUSD|long|222.45000000|223.19000000,27,7bd349289c4933ed,False,,,,,,,,0,False,False,False,zone_not_touched,,,,,,,,,,,,,,,False,,,,1786612500,223.19
2026-08-13 12:20:00+00:00,2026-08-13 17:50:00+05:30,30m,TSLAXUSD,long,0.2,325.55982,324.24,324.24,324.91,324.91,324.91,,0.25776368840603064,,,,,,,XSTOCK,TSLAXUSD|long|324.24000000|324.91000000,28,d47385016edda51c,False,,,,,,,,0,False,False,False,zone_not_touched,,,,,,,,,,,,,,,False,,,,1786623600,324.91
2026-08-13 13:00:00+00:00,2026-08-13 18:30:00+05:30,30m,NVDAXUSD,short,0.2,224.6498,225.69,225.1,225.69,225.1,225.1,,0.32763216348290153,,,,,,,XSTOCK,NVDAXUSD|short|225.10000000|225.69000000,29,ba5f5cb2484233e2,False,,,body,,,,,0,False,False,False,zone_cooldown,,,,0.2521119999999961,-1.405222169491527,,,,,,,,,,True,2026-08-13 19:00:00+05:30,2026-08-13 19:05:00+05:30,,1786626000,225.1
2026-08-13 13:50:00+00:00,2026-08-13 19:20:00+05:30,30m,MRVL/USDT:USDT,short,0.2,225.66776000000002,226.99,226.12,226.99,226.12,226.12,227.2075,0.48093932425261177,,,,,,,XSTOCK,MRVL/USDT:USDT|short|226.12000000|226.99000000,31,c75f5b9397488ad8,True,2026-08-13 19:25:00+05:30,226.12,body,225.0325,223.945,2026-08-13 19:25:00+05:30,227.32110375000002,1,False,False,False,SL,SL,-1.1044632183908132,-1.2762104551724216,0.17174723678160833,-1.2762104551724216,0.0,1.112643678160921,,,,2026-08-13 19:25:00+05:30,2026-08-13 19:25:00+05:30,0.0,,False,,,,1786629000,226.12
2026-08-13 14:10:00+00:00,2026-08-13 19:40:00+05:30,30m,MRVL/USDT:USDT,short,0.2,228.62184000000002,230.27,229.08,230.27,229.08,229.08,230.5675,0.6493364763401357,,,,,,,XSTOCK,MRVL/USDT:USDT|short|229.08000000|230.27000000,33,65b5ab4550c3bbd3,True,2026-08-13 20:15:00+05:30,229.08,body,227.59250000000003,226.10500000000005,2026-08-13 21:50:00+05:30,228.98070149418,20,True,True,False,BE,BE,0.0667552980302542,-0.06045147844033549,0.1272067764705897,1.1733707445378392,1.6268907563025503,0.8000000000000076,2026-08-13 21:00:00+05:30,2026-08-13 21:00:00+05:30,,2026-08-13 21:50:00+05:30,2026-08-13 21:55:00+05:30,6000.0,2700.0,False,,,,1786630200,229.08
2026-08-13 16:30:00+00:00,2026-08-13 22:00:00+05:30,30m,MRVL/USDT:USDT,short,0.2,231.536,232.91,232.0,232.91,232.0,232.0,,0.4903017241379261,,,,,,,XSTOCK,MRVL/USDT:USDT|short|232.00000000|232.91000000,35,19c37edb23fb0bd2,False,,,,,,,,0,False,False,False,zone_not_touched,,,,,,,,,,,,,,,False,,,,1786638600,232.0
2026-08-14 05:30:00+00:00,2026-08-14 11:00:00+05:30,30m,METAXUSD,short,0.2,594.808,596.54,596.0,596.54,596.0,596.0,,0.11325503355703935,,,,,,,XSTOCK,METAXUSD|short|596.00000000|596.54000000,36,0586f55471911ac5,False,,,,,,,,0,False,False,False,zone_not_touched,,,,,,,,,,,,,,,False,,,,1786685400,596.0
2026-08-14 13:30:00+00:00,2026-08-14 19:00:00+05:30,30m,METAXUSD,short,0.2,602.293,605.07,603.5,605.07,603.5,603.5,,0.32518641259322134,,,,,,,XSTOCK,METAXUSD|short|603.50000000|605.07000000,41,0f9bcecf4c4a8c05,False,,,,,,,,0,False,False,False,zone_not_touched,,,,,,,,,,,,,,,False,,,,1786714200,603.5
2026-08-14 13:35:00+00:00,2026-08-14 19:05:00+05:30,30m,NVDAXUSD,long,0.2,225.5001,224.82,224.82,225.05,225.05,225.05,,0.12774938902467128,,,,,,,XSTOCK,NVDAXUSD|long|224.82000000|225.05000000,42,552768ef1db1343c,False,,,,,,,,0,False,False,False,stop_too_tight,,,,,,,,,,,,,,,False,,,,1786714500,225.05
2026-08-15 12:30:00+00:00,2026-08-15 18:00:00+05:30,30m,MRVL/USDT:USDT,short,0.2,221.93524,222.83,222.38,222.83,222.38,222.38,,0.2529454087597933,,,,,,,XSTOCK,MRVL/USDT:USDT|short|222.38000000|222.83000000,46,8f1393599adfcecb,False,,,,,,,,0,False,False,False,zone_not_touched,,,,,,,,,,,,,,,False,,,,1786797000,222.38
2026-08-15 14:45:00+00:00,2026-08-15 20:15:00+05:30,30m,NVDAXUSD,long,0.2,224.97906,224.44,224.44,224.53,224.53,224.53,,0.050104663073981814,,,,,,,XSTOCK,NVDAXUSD|long|224.44000000|224.53000000,47,f02f3b45aea34c8c,False,,,,,,,,0,False,False,False,zone_not_touched,,,,,,,,,,,,,,,False,,,,1786805100,224.53
2026-08-15 17:00:00+00:00,2026-08-15 22:30:00+05:30,30m,SNDKBUSD,long,0.2,1649.28198,1642.8,1642.8,1645.99,1645.99,1645.99,,0.2422554207498195,,,,,,,XSTOCK,SNDKBUSD|long|1642.80000000|1645.99000000,51,f8b7a4fb7ab4cfd8,False,,,,,,,,0,False,False,False,zone_not_touched,,,,,,,,,,,,,,,False,,,,1786813200,1645.99
2026-08-16 10:00:00+00:00,2026-08-16 15:30:00+05:30,30m,MRVL/USDT:USDT,long,0.2,222.22356,221.7,221.7,221.78,221.78,221.78,,0.045089728559844326,,,,,,,XSTOCK,MRVL/USDT:USDT|long|221.70000000|221.78000000,58,deb7d2fb1fe5a3e5,False,,,,,,,,0,False,False,False,zone_not_touched,,,,,,,,,,,,,,,False,,,,1786874400,221.78
2026-08-16 12:30:00+00:00,2026-08-16 18:00:00+05:30,30m,SNDKBUSD,long,0.2,1649.28198,1642.8,1642.8,1645.99,1645.99,1645.99,1642.0025,0.2422554207498195,,,,,,,XSTOCK,SNDKBUSD|long|1642.80000000|1645.99000000,61,8f0383011335edab,True,2026-08-16 18:25:00+05:30,1645.99,body,1649.9775,1653.965,2026-08-16 18:55:00+05:30,1653.965,7,True,True,True,+2R,+2R,2.0,1.6590375573667673,0.3409624426332327,0.2981456294670447,2.2595611285266695,0.08777429467082459,2026-08-16 18:30:00+05:30,2026-08-16 18:35:00+05:30,2026-08-16 18:55:00+05:30,,2026-08-16 18:55:00+05:30,1800.0,1800.0,False,,,,1786883400,1645.99
2026-08-16 13:00:00+00:00,2026-08-16 18:30:00+05:30,30m,TSLAXUSD,long,0.2,342.80424,341.88,341.88,342.12,342.12,342.12,,0.08768853034023481,,,,,,,XSTOCK,TSLAXUSD|long|341.88000000|342.12000000,62,a4b2af0e225c82d4,False,,,,,,,,0,False,False,False,zone_not_touched,,,,,,,,,,,,,,,False,,,,1786885200,342.12
2026-08-16 17:15:00+00:00,2026-08-16 22:45:00+05:30,30m,TSLAXUSD,short,0.2,342.9128,344.6,343.6,344.6,343.6,343.6,,0.3637951105937136,,,,,,,XSTOCK,TSLAXUSD|short|343.60000000|344.60000000,66,c0fab85e176906bd,False,,,,,,,,0,False,False,False,zone_not_touched,,,,,,,,,,,,,,,False,,,,1786900500,343.6
2026-08-16 18:10:00+00:00,2026-08-16 23:40:00+05:30,30m,METAXUSD,long,0.2,592.5828,590.76,590.76,591.4,591.4,591.4,,0.13527223537368188,,,,,,,XSTOCK,METAXUSD|long|590.76000000|591.40000000,68,85b8918a0b9c7ae6,False,,,,,,,,0,False,False,False,zone_not_touched,,,,,,,,,,,,,,,False,,,,1786903800,591.4
2026-08-16 18:30:00+00:00,2026-08-17 00:00:00+05:30,30m,NVDAXUSD,short,0.2,225.00908,225.53,225.46,225.53,225.46,225.46,,0.038809544930367104,,,,,,,XSTOCK,NVDAXUSD|short|225.46000000|225.53000000,69,2a81fdf30b0e5875,False,,,,,,,,0,False,False,False,zone_not_touched,,,,,,,,,,,,,,,False,,,,1786905000,225.46
2026-08-17 02:50:00+00:00,2026-08-17 08:20:00+05:30,30m,MRVL/USDT:USDT,short,0.2,226.00708,227.21,226.46,227.21,226.46,226.46,,0.4139803938885454,,,,,,,XSTOCK,MRVL/USDT:USDT|short|226.46000000|227.21000000,72,53d4de0070c875cb,False,,,,,,,,0,False,False,False,zone_not_touched,,,,,,,,,,,,,,,False,,,,1786935000,226.46
2026-08-17 06:35:00+00:00,2026-08-17 12:05:00+05:30,30m,METAXUSD,short,0.2,591.85392,593.07,593.04,593.07,593.04,593.04,,0.006323350870116085,,,,,,,XSTOCK,METAXUSD|short|593.04000000|593.07000000,74,d2d9469b72df826f,False,,,,,,,,0,False,False,False,zone_not_touched,,,,,,,,,,,,,,,False,,,,1786948500,593.04
2026-08-17 08:10:00+00:00,2026-08-17 13:40:00+05:30,30m,MRVL/USDT:USDT,short,0.2,229.43022,231.67,229.89,231.67,229.89,229.89,,0.9678541911348882,,,,,,,XSTOCK,MRVL/USDT:USDT|short|229.89000000|231.67000000,76,22b2a14fac488ea4,False,,,,,,,,0,False,False,False,zone_not_touched,,,,,,,,,,,,,,,False,,,,1786954200,229.89
2026-08-18 02:40:00+00:00,2026-08-18 08:10:00+05:30,30m,TSLAXUSD,long,0.2,338.63592,335.83,335.83,337.96,337.96,337.96,335.2975,0.78781512605041,,,,,,,XSTOCK,TSLAXUSD|long|335.83000000|337.96000000,85,c59b34ef7dcab709,True,2026-08-18 08:15:00+05:30,337.96,body,340.62249999999995,343.2849999999999,2026-08-18 13:35:00+05:30,335.12985125,65,False,False,False,SL,SL,-1.062966666666672,-1.1678136000000066,0.10484693333333468,-1.1678136000000066,0.1276995305164455,1.1117370892018845,,,,2026-08-18 13:35:00+05:30,2026-08-18 13:35:00+05:30,19200.0,,False,,,,1787020800,337.96
2026-08-18 03:15:00+00:00,2026-08-18 08:45:00+05:30,30m,SOXLBUSD,long,0.2,144.80904,144.2,144.2,144.52,144.52,144.52,144.11999999999998,0.276778300581258,,,,,,,XSTOCK,SOXLBUSD|long|144.20000000|144.52000000,87,c169df95a9a6d012,True,2026-08-18 08:50:00+05:30,144.52,body,144.92000000000004,145.32000000000008,2026-08-18 09:00:00+05:30,144.58250974142,3,True,True,False,BE,BE,0.15627435354998997,-0.14215944644998463,0.2984337999999746,0.8452536999998981,1.5749999999998543,1.2999999999999148,2026-08-18 08:55:00+05:30,2026-08-18 08:55:00+05:30,,2026-08-18 09:00:00+05:30,2026-08-18 09:05:00+05:30,900.0,300.0,False,,,,1787022900,144.52
2026-08-18 08:05:00+00:00,2026-08-18 13:35:00+05:30,30m,METAXUSD,long,0.2,564.7773,560.68,560.68,563.65,563.65,563.65,,0.6586534196753264,,,,,,,XSTOCK,METAXUSD|long|560.68000000|563.65000000,90,531be41c71d41f7e,False,,,,,,,,0,False,False,False,zone_not_touched,,,,,,,,,,,,,,,False,,,,1787040300,563.65
2026-08-18 09:05:00+00:00,2026-08-18 14:35:00+05:30,30m,MRVL/USDT:USDT,long,0.2,222.04319999999998,221.4,221.4,221.6,221.6,221.6,,0.11281588447652148,,,,,,,XSTOCK,MRVL/USDT:USDT|long|221.40000000|221.60000000,92,fd79f80c1ffcba99,False,,,,,,,,0,False,False,False,stop_too_tight,,,,,,,,,,,,,,,False,,,,1787043900,221.6
2026-08-18 09:30:00+00:00,2026-08-18 15:00:00+05:30,30m,MRVL/USDT:USDT,long,0.2,221.11133999999998,219.03,219.03,220.67,220.67,220.67,218.62,0.9289889880817433,,,,,,,XSTOCK,MRVL/USDT:USDT|long|219.03000000|220.67000000,93,81056bab183d9b3e,True,2026-08-18 15:10:00+05:30,220.67,body,222.71999999999997,224.76999999999995,2026-08-18 15:30:00+05:30,218.51069,5,False,False,False,SL,SL,-1.0533219512195096,-1.1422358146341445,0.08891386341463488,-1.1422358146341445,0.2585365853658564,1.0780487804878038,,,,2026-08-18 15:30:00+05:30,2026-08-18 15:30:00+05:30,1200.0,,False,,,,1787045400,220.67
2026-08-18 14:10:00+00:00,2026-08-18 19:40:00+05:30,30m,MRVL/USDT:USDT,long,0.2,217.01316,215.17,215.17,216.58,216.58,216.58,214.8175,0.8137870532828594,,,,,,,XSTOCK,MRVL/USDT:USDT|long|215.17000000|216.58000000,97,4df3a1f6e6e34441,True,2026-08-18 20:10:00+05:30,216.58,body,218.34250000000003,220.10500000000005,2026-08-18 20:15:00+05:30,214.71009125,2,False,False,False,SL,SL,-1.060941134751767,-1.162441889361695,0.10150075460992812,-1.162441889361695,0.0,1.06666666666667,,,,2026-08-18 20:15:00+05:30,2026-08-18 20:15:00+05:30,300.0,,False,,,,1787062200,216.58
2026-08-19 08:00:00+00:00,2026-08-19 13:30:00+05:30,30m,METAXUSD,long,0.2,543.20424,541.52,541.52,542.12,542.12,542.12,,0.13834575370766622,,,,,,,XSTOCK,METAXUSD|long|541.52000000|542.12000000,99,fc1762b876852ba5,False,,,,,,,,0,False,False,False,zone_not_touched,,,,,,,,,,,,,,,False,,,,1787126400,542.12
2026-08-19 13:45:00+00:00,2026-08-19 19:15:00+05:30,30m,SOXLBUSD,long,0.2,122.14123488,120.93,120.93,121.89744,121.89744,121.89744,120.68814,0.9920634920634911,,,,,,,XSTOCK,SOXLBUSD|long|120.93000000|121.89744000,104,770d1362d3fbd070,True,2026-08-19 19:20:00+05:30,121.89744,body,123.10674,124.31604,2026-08-19 19:20:00+05:30,120.62779593,1,False,False,False,SL,SL,-1.0498999999999994,-1.1331607999999995,0.08326080000000008,-1.1331607999999995,0.0,1.3209625403125835,,,,2026-08-19 19:20:00+05:30,2026-08-19 19:20:00+05:30,0.0,,False,,,,1787147100,121.89744
2026-08-20 15:05:00+00:00,2026-08-20 20:35:00+05:30,30m,METAXUSD,long,0.2,543.3846,538.44,538.44,542.3,542.3,542.3,,0.8897289323252477,,,,,,,XSTOCK,METAXUSD|long|538.44000000|542.30000000,113,5c93438114b196c0,False,,,,,,,,0,False,False,False,zone_not_touched,,,,,,,,,,,,,,,False,,,,1787238300,542.3
2026-08-21 08:50:00+00:00,2026-08-21 14:20:00+05:30,30m,NVDAXUSD,short,0.2,218.52208000000002,220.06,218.96,220.06,218.96,218.96,,0.6279685787358422,,,,,,,XSTOCK,NVDAXUSD|short|218.96000000|220.06000000,117,5dedde40d9504fef,False,,,,,,,,0,False,False,False,zone_not_touched,,,,,,,,,,,,,,,False,,,,1787302200,218.96
2026-08-21 09:00:00+00:00,2026-08-21 14:30:00+05:30,30m,NVDAXUSD,long,0.2,216.86286,216.0,216.0,216.43,216.43,216.43,215.89249999999998,0.2483481957214909,,,,,,,XSTOCK,NVDAXUSD|long|216.00000000|216.43000000,118,ce1f938fad3bcb74,True,2026-08-21 14:35:00+05:30,216.43,body,216.96750000000003,217.50500000000005,2026-08-21 14:35:00+05:30,215.78455375,1,False,False,False,SL,SL,-1.2008302325581268,-1.5334277767441593,0.3325975441860325,-1.5334277767441593,0.0,6.009302325581175,,,,2026-08-21 14:35:00+05:30,2026-08-21 14:35:00+05:30,0.0,,False,,,,1787302800,216.43
2026-08-22 05:10:00+00:00,2026-08-22 10:40:00+05:30,30m,METAXUSD,long,0.2,548.67516,544.18,544.18,547.58,547.58,547.58,,0.7761422988421991,,,,,,,XSTOCK,METAXUSD|long|544.18000000|547.58000000,124,92be6313adc91107,False,,,,,,,,0,False,False,False,zone_not_touched,,,,,,,,,,,,,,,False,,,,1787375400,547.58
2026-08-22 16:00:00+00:00,2026-08-22 21:30:00+05:30,30m,NVDAXUSD,short,0.2,215.53806,216.07,215.97,216.07,215.97,215.97,,0.057878409038292354,,,,,,,XSTOCK,NVDAXUSD|short|215.97000000|216.07000000,128,b92eb77825be47f8,False,,,,,,,,0,False,False,False,zone_not_touched,,,,,,,,,,,,,,,False,,,,1787414400,215.97
2026-08-23 05:15:00+00:00,2026-08-23 10:45:00+05:30,30m,MRVL/USDT:USDT,long,0.2,234.52812,233.8,233.8,234.06,234.06,234.06,,0.1388532854823501,,,,,,,XSTOCK,MRVL/USDT:USDT|long|233.80000000|234.06000000,131,852b13f7e14d47df,False,,,,,,,,0,False,False,False,stop_too_tight,,,,,,,,,,,,,,,False,,,,1787462100,234.06
2026-08-23 08:35:00+00:00,2026-08-23 14:05:00+05:30,30m,METAXUSD,short,0.2,552.6724399999999,554.63,553.78,554.63,553.78,553.78,554.8425,0.19186319477048647,,,,,,,XSTOCK,METAXUSD|short|553.78000000|554.63000000,133,7444a3a9163f005d,True,2026-08-23 14:55:00+05:30,553.78,body,552.7175,551.655,2026-08-23 17:15:00+05:30,555.11992125,29,False,False,False,SL,SL,-1.261102352941153,-1.6916174399999764,0.4305150870588236,-1.6916174399999764,0.31058823529404916,1.1482352941176728,,,,2026-08-23 17:15:00+05:30,2026-08-23 17:15:00+05:30,8400.0,,False,,,,1787474100,553.78
2026-08-23 18:15:00+00:00,2026-08-23 23:45:00+05:30,30m,TSLAXUSD,short,0.2,363.94066000000004,366.76,364.67,366.76,364.67,364.67,367.28249999999997,0.7164011297885635,,,,,,,XSTOCK,TSLAXUSD|short|364.67000000|366.76000000,138,0ac16df468bad0b8,True,2026-08-23 23:50:00+05:30,364.67,body,362.05750000000006,359.4450000000001,2026-08-24 04:40:00+05:30,364.511927771445,59,True,False,False,BE,BE,0.06050611619330233,-0.05479241777799157,0.1152985339712939,0.10859560478470533,0.5435406698564749,0.29856459330143015,2026-08-24 03:30:00+05:30,,,2026-08-24 04:40:00+05:30,2026-08-24 04:45:00+05:30,17700.0,13200.0,False,,,,1787508900,364.67
2026-08-24 02:55:00+00:00,2026-08-24 08:25:00+05:30,30m,MRVL/USDT:USDT,long,0.2,230.60028,229.4,229.4,230.14,230.14,230.14,229.215,0.40192926045015337,,,,,,,XSTOCK,MRVL/USDT:USDT|long|229.40000000|230.14000000,141,b14ac6579d87b7eb,True,2026-08-24 08:40:00+05:30,230.14,body,231.06499999999997,231.98999999999995,2026-08-24 09:00:00+05:30,229.1003925,5,False,False,False,SL,SL,-1.1239000000000081,-1.329408800000012,0.2055088000000038,-1.329408800000012,0.0,1.2324324324324405,,,,2026-08-24 09:00:00+05:30,2026-08-24 09:00:00+05:30,1200.0,,False,,,,1787540100,230.14
2026-08-24 13:40:00+00:00,2026-08-24 19:10:00+05:30,30m,METAXUSD,long,0.2,548.67516,544.18,544.18,547.58,547.58,547.58,,0.7761422988421991,,,,,,,XSTOCK,METAXUSD|long|544.18000000|547.58000000,150,a8a65071d3ec6616,False,,,,,,,,0,False,False,False,zone_not_touched,,,,,,,,,,,,,,,False,,,,1787578800,547.58
2026-08-25 13:30:00+00:00,2026-08-25 19:00:00+05:30,30m,TSLAXUSD,long,0.2,349.97855999999996,347.23,347.23,349.28,349.28,349.28,,0.7336520842876613,,,,,,,XSTOCK,TSLAXUSD|long|347.23000000|349.28000000,155,3aef63f8d2e32a4e,False,,,,,,,,0,False,False,False,zone_not_touched,,,,,,,,,,,,,,,False,,,,1787664600,349.28
2026-08-26 08:20:00+00:00,2026-08-26 13:50:00+05:30,30m,TSLAXUSD,long,0.2,349.97855999999996,347.23,347.23,349.28,349.28,349.28,,0.7336520842876613,,,,,,,XSTOCK,TSLAXUSD|long|347.23000000|349.28000000,157,f59fd5ba5d3174a5,False,,,,,,,,0,False,False,False,zone_not_touched,,,,,,,,,,,,,,,False,,,,1787732400,349.28
2026-08-26 14:25:00+00:00,2026-08-26 19:55:00+05:30,30m,SOXLBUSD,long,0.2,112.69494,112.4,112.4,112.47,112.47,112.47,,0.07779852405085043,,,,,,,XSTOCK,SOXLBUSD|long|112.40000000|112.47000000,161,78cacbfa741e918f,False,,,,,,,,0,False,False,False,zone_not_touched,,,,,,,,,,,,,,,False,,,,1787754300,112.47
2026-08-27 02:30:00+00:00,2026-08-27 08:00:00+05:30,30m,NVDAXUSD,short,0.2,221.52606,223.07,221.97,223.07,221.97,221.97,,0.619453079244943,,,,,,,XSTOCK,NVDAXUSD|short|221.97000000|223.07000000,162,2555b7286977dc90,False,,,,,,,,0,False,False,False,zone_not_touched,,,,,,,,,,,,,,,False,,,,1787797800,221.97
2026-08-28 10:40:00+00:00,2026-08-28 16:10:00+05:30,30m,METAXUSD,long,0.2,572.75322,568.05,568.05,571.61,571.61,571.61,,0.7785028253529583,,,,,,,XSTOCK,METAXUSD|long|568.05000000|571.61000000,173,ecf090519c0b1807,False,,,,,,,,0,False,False,False,zone_not_touched,,,,,,,,,,,,,,,False,,,,1787913600,571.61
2026-08-28 13:40:00+00:00,2026-08-28 19:10:00+05:30,30m,NVDAXUSD,short,0.2,229.10088,230.34,229.56,230.34,229.56,229.56,,0.42472556194458716,,,,,,,XSTOCK,NVDAXUSD|short|229.56000000|230.34000000,175,363b352f04e5035e,False,,,,,,,,0,False,False,False,zone_not_touched,,,,,,,,,,,,,,,False,,,,1787924400,229.56
2026-08-30 02:30:00+00:00,2026-08-30 08:00:00+05:30,30m,MRVL/USDT:USDT,short,0.2,217.42428,217.99,217.86,217.99,217.86,217.86,,0.07458918571559456,,,,,,,XSTOCK,MRVL/USDT:USDT|short|217.86000000|217.99000000,179,0a3258ebab4c2691,False,,,,,,,,0,False,False,False,zone_not_touched,,,,,,,,,,,,,,,False,,,,1788057000,217.86
2026-08-30 09:35:00+00:00,2026-08-30 15:05:00+05:30,30m,METAXUSD,long,0.2,579.37644,577.85,577.85,578.22,578.22,578.22,,0.0799868562138939,,,,,,,XSTOCK,METAXUSD|long|577.85000000|578.22000000,181,4df427c8694c05ff,False,,,,,,,,0,False,False,False,zone_not_touched,,,,,,,,,,,,,,,False,,,,1788082500,578.22
2026-08-30 12:00:00+00:00,2026-08-30 17:30:00+05:30,30m,METAXUSD,short,0.2,579.46874,581.42,580.63,581.42,580.63,580.63,581.6175,0.1700738852625518,,,,,,,XSTOCK,METAXUSD|short|580.63000000|581.42000000,182,52f68f9b62f9a302,True,2026-08-30 17:45:00+05:30,580.63,body,579.6425,578.6550000000001,2026-08-30 21:05:00+05:30,581.90830875,41,False,False,False,SL,SL,-1.2944898734177315,-1.7801611443038299,0.48567127088609835,-1.7801611443038299,0.33417721518993027,1.2860759493671294,,,,2026-08-30 21:05:00+05:30,2026-08-30 21:05:00+05:30,12000.0,,False,,,,1788091200,580.63
2026-08-31 02:35:00+00:00,2026-08-31 08:05:00+05:30,30m,SNDKBUSD,long,0.2,1452.91002,1440.0,1440.0,1450.01,1450.01,1450.01,,0.8629250832752909,,,,,,,XSTOCK,SNDKBUSD|long|1440.00000000|1450.01000000,184,98a245b50b675e28,False,,,,,,,,0,False,False,False,zone_not_touched,,,,,,,,,,,,,,,False,,,,1788143700,1450.01
2026-08-31 05:25:00+00:00,2026-08-31 10:55:00+05:30,30m,NVDAXUSD,short,0.2,218.72168,219.18,219.16,219.18,219.16,219.16,,0.011407191093267788,,,,,,,XSTOCK,NVDAXUSD|short|219.16000000|219.18000000,185,9da2a9dd8b642469,False,,,,,,,,0,False,False,False,zone_not_touched,,,,,,,,,,,,,,,False,,,,1788153900,219.16
2026-08-31 12:10:00+00:00,2026-08-31 17:40:00+05:30,30m,METAXUSD,short,0.2,581.4248200000001,583.12,582.59,583.12,582.59,582.59,,0.11371633567346208,,,,,,,XSTOCK,METAXUSD|short|582.59000000|583.12000000,188,d3d05677b1e8a4e2,False,,,,,,,,0,False,False,False,zone_not_touched,,,,,,,,,,,,,,,False,,,,1788178200,582.59
2026-08-31 14:10:00+00:00,2026-08-31 19:40:00+05:30,30m,TSLAXUSD,short,0.2,361.63528,363.24,362.36,363.24,362.36,362.36,363.46000000000004,0.3035655149575071,,,,,,,XSTOCK,TSLAXUSD|short|362.36000000|363.24000000,192,62e74e8b55ede288,True,2026-08-31 19:45:00+05:30,362.36,body,361.26,360.15999999999997,2026-08-31 19:45:00+05:30,363.64173000000005,1,False,False,False,SL,SL,-1.165209090909102,-1.4373085090909146,0.2720994181818126,-1.4373085090909146,0.0,1.0818181818181574,,,,2026-08-31 19:45:00+05:30,2026-08-31 19:45:00+05:30,0.0,,False,,,,1788185400,362.36
2026-08-31 19:10:00+00:00,2026-09-01 00:40:00+05:30,30m,SNDKBUSD,long,0.2,1462.24866,1450.6,1450.6,1459.33,1459.33,1459.33,1448.4175,0.7477746637155346,,,,,,,XSTOCK,SNDKBUSD|long|1450.60000000|1459.33000000,195,5cffddf5396cb94c,True,2026-09-01 00:45:00+05:30,1459.33,body,1470.2424999999998,1481.1549999999997,2026-09-01 01:05:00+05:30,1481.1549999999997,5,True,True,True,+2R,+2R,2.0,1.8895389159221068,0.11046108407789325,1.0080487956472033,2.057273768613996,0.1796105383734298,2026-09-01 00:55:00+05:30,2026-09-01 00:55:00+05:30,2026-09-01 01:05:00+05:30,,2026-09-01 01:05:00+05:30,1200.0,1200.0,False,,,,1788203400,1459.33
2026-09-01 03:30:00+00:00,2026-09-01 09:00:00+05:30,30m,METAXUSD,long,0.2,572.75322,568.05,568.05,571.61,571.61,571.61,,0.7785028253529583,,,,,,,XSTOCK,METAXUSD|long|568.05000000|571.61000000,196,1abcdd1374f03969,False,,,,,,,,0,False,False,False,zone_not_touched,,,,,,,,,,,,,,,False,,,,1788233400,571.61
2026-09-01 05:40:00+00:00,2026-09-01 11:10:00+05:30,30m,NVDAXUSD,short,0.2,220.46818,221.36,220.91,221.36,220.91,220.91,,0.2546285817753965,,,,,,,XSTOCK,NVDAXUSD|short|220.91000000|221.36000000,197,f2f56db4adb4c5b6,False,,,,,,,,0,False,False,False,zone_not_touched,,,,,,,,,,,,,,,False,,,,1788241200,220.91
2026-09-01 05:55:00+00:00,2026-09-01 11:25:00+05:30,30m,SOXLBUSD,short,0.2,114.84984,115.33,115.08,115.33,115.08,115.08,,0.271550225929788,,,,,,,XSTOCK,SOXLBUSD|short|115.08000000|115.33000000,199,7633cf9b3556df8d,False,,,,,,,,0,False,False,False,zone_not_touched,,,,,,,,,,,,,,,False,,,,1788242100,115.08
2026-09-01 08:35:00+00:00,2026-09-01 14:05:00+05:30,30m,MRVL/USDT:USDT,long,0.2,207.82089216,205.76,205.76,207.40608,207.40608,207.40608,205.34848,0.9920634920634959,,,,,,,XSTOCK,MRVL/USDT:USDT|long|205.76000000|207.40608000,201,2fff09b6c00cfa3b,True,2026-09-01 14:25:00+05:30,207.40608,body,209.46368,211.52128000000002,2026-09-01 16:40:00+05:30,205.24580576,28,False,False,False,SL,SL,-1.0498999999999994,-1.133160799999999,0.08326079999999969,-1.133160799999999,0.0,1.0041213063763568,,,,2026-09-01 16:40:00+05:30,2026-09-01 16:40:00+05:30,8100.0,,False,,,,1788251700,207.40608
2026-09-01 15:50:00+00:00,2026-09-01 21:20:00+05:30,30m,NVDAXUSD,short,0.2,220.46818,221.36,220.91,221.36,220.91,220.91,,0.2546285817753965,,,,,,,XSTOCK,NVDAXUSD|short|220.91000000|221.36000000,212,0eeadf04f5ed5ac1,False,,,,,,,,0,False,False,False,zone_not_touched,,,,,,,,,,,,,,,False,,,,1788277800,220.91
2026-09-01 17:55:00+00:00,2026-09-01 23:25:00+05:30,30m,METAXUSD,short,0.2,583.84996,589.22,585.02,589.22,585.02,585.02,590.27,0.897405216915661,,,,,,,XSTOCK,METAXUSD|short|585.02000000|589.22000000,213,58831a5d4d645162,True,2026-09-01 23:30:00+05:30,585.02,body,579.77,574.52,2026-09-02 05:25:00+05:30,578.5,72,True,True,False,+1R,+1R,1.2419047619047585,1.1498616152380918,0.09204314666666667,1.1114413771428482,1.5085714285714207,0.07238095238095152,2026-09-02 00:00:00+05:30,2026-09-02 00:05:00+05:30,,,2026-09-02 05:30:00+05:30,21600.0,2100.0,False,,,,1788285300,585.02
2026-09-02 03:50:00+00:00,2026-09-02 09:20:00+05:30,30m,NVDAXUSD,long,0.2,217.15344,215.0,215.0,216.72,216.72,216.72,,0.9920634920634946,,,,,,,XSTOCK,NVDAXUSD|long|215.00000000|216.72000000,215,b62a38b5d6e1dd35,False,,,,,,,,0,False,False,False,zone_not_touched,,,,,,,,,,,,,,,False,,,,1788321000,216.72
2026-09-04 13:50:00+00:00,2026-09-04 19:20:00+05:30,30m,MRVL/USDT:USDT,short,0.2,217.05502,218.39,217.49,218.39,217.49,217.49,218.61499999999998,0.517265161616613,,,,,,,XSTOCK,MRVL/USDT:USDT|short|217.49000000|218.39000000,245,30be36375618d790,True,2026-09-04 19:25:00+05:30,217.49,body,216.36500000000004,215.24000000000007,2026-09-04 19:25:00+05:30,218.72430749999998,1,False,False,False,SL,SL,-1.0971622222222246,-1.2568482133333398,0.15968599111111517,-1.2568482133333398,0.2844444444444708,1.342222222222248,,,,2026-09-04 19:25:00+05:30,2026-09-04 19:25:00+05:30,0.0,,False,,,,1788529800,217.49
2026-09-04 19:10:00+00:00,2026-09-05 00:40:00+05:30,30m,METAXUSD,short,0.2,616.65422,619.83,617.89,619.83,617.89,617.89,,0.39246467817897496,,,,,,,XSTOCK,METAXUSD|short|617.89000000|619.83000000,248,85ed08824ff6217a,False,,,,,,,,0,False,False,False,zone_not_touched,,,,,,,,,,,,,,,False,,,,1788549000,617.89
2026-09-05 15:30:00+00:00,2026-09-05 21:00:00+05:30,30m,SOXLBUSD,long,0.2,116.232,115.8,115.8,116.0,116.0,116.0,,0.21551724137931033,,,,,,,XSTOCK,SOXLBUSD|long|115.80000000|116.00000000,249,247cd61d9bd20155,False,,,,,,,,0,False,False,False,zone_not_touched,,,,,,,,,,,,,,,False,,,,1788622200,116.0
2026-09-06 09:00:00+00:00,2026-09-06 14:30:00+05:30,30m,MRVL/USDT:USDT,short,0.2,221.71568,222.54,222.16,222.54,222.16,222.16,,0.213809866762691,,,,,,,XSTOCK,MRVL/USDT:USDT|short|222.16000000|222.54000000,253,ae6d8a57c3672c1e,False,,,,,,,,0,False,False,False,zone_not_touched,,,,,,,,,,,,,,,False,,,,1788685200,222.16
2026-09-07 05:05:00+00:00,2026-09-07 10:35:00+05:30,30m,METAXUSD,long,0.2,612.53262,610.96,610.96,611.31,611.31,611.31,,0.07156761708460296,,,,,,,XSTOCK,METAXUSD|long|610.96000000|611.31000000,261,c12eb711efa013dd,False,,,,,,,,0,False,False,False,zone_not_touched,,,,,,,,,,,,,,,False,,,,1788757500,611.31
2026-09-07 11:05:00+00:00,2026-09-07 16:35:00+05:30,30m,METAXUSD,long,0.2,612.53262,610.96,610.96,611.31,611.31,611.31,,0.07156761708460296,,,,,,,XSTOCK,METAXUSD|long|610.96000000|611.31000000,263,dd647afed68a25a9,False,,,,,,,,0,False,False,False,zone_not_touched,,,,,,,,,,,,,,,False,,,,1788779100,611.31
2026-09-07 13:30:00+00:00,2026-09-07 19:00:00+05:30,30m,SNDKBUSD,short,0.2,1790.5118,1796.99,1794.1,1796.99,1794.1,1794.1,,0.20135443955187463,,,,,,,XSTOCK,SNDKBUSD|short|1794.10000000|1796.99000000,265,4077aa2772058f29,False,,,,,,,,0,False,False,False,zone_not_touched,,,,,,,,,,,,,,,False,,,,1788787800,1794.1
2026-09-07 13:30:00+00:00,2026-09-07 19:00:00+05:30,30m,TSLAXUSD,short,0.2,355.62732,356.43,356.34,356.43,356.34,356.34,,0.031570971544034175,,,,,,,XSTOCK,TSLAXUSD|short|356.34000000|356.43000000,264,3b2fe5446fbe761f,False,,,,,,,,0,False,False,False,stop_too_tight,,,,,,,,,,,,,,,False,,,,1788787800,356.34
2026-09-08 05:20:00+00:00,2026-09-08 10:50:00+05:30,30m,METAXUSD,short,0.2,615.20712,616.51,616.44,616.51,616.44,616.44,,0.014194406592671398,,,,,,,XSTOCK,METAXUSD|short|616.44000000|616.51000000,273,5ce76193f1cf7d8f,False,,,,,,,,0,False,False,False,zone_not_touched,,,,,,,,,,,,,,,False,,,,1788844800,616.44
2026-09-08 06:05:00+00:00,2026-09-08 11:35:00+05:30,30m,SNDKBUSD,long,0.2,1765.2133800000001,1760.13,1760.13,1761.69,1761.69,1761.69,,0.11068916778773892,,,,,,,XSTOCK,SNDKBUSD|long|1760.13000000|1761.69000000,275,cd07d8362d20e0f2,False,,,,,,,,0,False,False,False,stop_too_tight,,,,,,,,,,,,,,,False,,,,1788847500,1761.69
2026-09-08 08:00:00+00:00,2026-09-08 13:30:00+05:30,30m,MRVL/USDT:USDT,long,0.2,221.66244,220.87,220.87,221.22,221.22,221.22,220.7825,0.19776692884910949,,,,,,,XSTOCK,MRVL/USDT:USDT|long|220.87000000|221.22000000,276,baae0ee2f4dac773,True,2026-09-08 13:35:00+05:30,221.22,body,221.6575,222.095,2026-09-08 13:40:00+05:30,220.67210875,2,False,False,False,SL,SL,-1.2523228571428393,-1.6699862171428395,0.41766336000000004,-1.6699862171428395,0.4342857142857091,1.6685714285714053,,,,2026-09-08 13:40:00+05:30,2026-09-08 13:40:00+05:30,300.0,,False,,,,1788854400,221.22
2026-09-08 08:00:00+00:00,2026-09-08 13:30:00+05:30,30m,NVDAXUSD,long,0.2,231.17142,230.64,230.64,230.71,230.71,230.71,,0.03792640110963292,,,,,,,XSTOCK,NVDAXUSD|long|230.64000000|230.71000000,277,a172d16cdb4c628f,False,,,,,,,,0,False,False,False,stop_too_tight,,,,,,,,,,,,,,,False,,,,1788854400,230.71
2026-09-08 13:15:00+00:00,2026-09-08 18:45:00+05:30,30m,NVDAXUSD,short,0.2,232.85335999999998,233.42,233.32,233.42,233.32,233.32,,0.05357448997085548,,,,,,,XSTOCK,NVDAXUSD|short|233.32000000|233.42000000,282,71eda5b4a7dae648,False,,,,,,,,0,False,False,False,stop_too_tight,,,,,,,,,,,,,,,False,,,,1788873300,233.32
2026-09-09 04:45:00+00:00,2026-09-09 10:15:00+05:30,30m,TSLAXUSD,short,0.2,367.90272,370.03,368.64,370.03,368.64,368.64,370.37749999999994,0.47132703993054326,,,,,,,XSTOCK,TSLAXUSD|short|368.64000000|370.03000000,283,e6a7a07106d6732d,True,2026-09-09 11:25:00+05:30,368.64,body,366.90250000000003,365.1650000000001,2026-09-09 13:30:00+05:30,370.56268874999995,26,False,False,False,SL,SL,-1.106583453237418,-1.281833317985624,0.17524986474820606,-1.281833317985624,0.3971223021582825,1.9338129496403462,,,,2026-09-09 13:30:00+05:30,2026-09-09 13:30:00+05:30,7500.0,,False,,,,1788929100,368.64
2026-09-09 05:10:00+00:00,2026-09-09 10:40:00+05:30,30m,METAXUSD,short,0.2,618.8598000000001,624.98,620.1,624.98,620.1,620.1,,0.9837123044670252,,,,,,,XSTOCK,METAXUSD|short|620.10000000|624.98000000,284,22c2a422ff8120ad,False,,,,,,,,0,False,False,False,zone_not_touched,,,,,,,,,,,,,,,False,,,,1788930600,620.1
2026-09-09 09:30:00+00:00,2026-09-09 15:00:00+05:30,30m,MRVL/USDT:USDT,long,0.2,225.59027999999998,224.23,224.23,225.14,225.14,225.14,224.0025,0.505241183263742,,,,,,,XSTOCK,MRVL/USDT:USDT|long|224.23000000|225.14000000,286,ec611fa9f5e522c9,True,2026-09-09 15:10:00+05:30,225.14,body,226.27749999999997,227.41499999999996,2026-09-09 15:20:00+05:30,223.89049875,3,False,False,False,SL,SL,-1.098462637362631,-1.2619489142857094,0.16348627692307857,-1.2619489142857094,0.0,1.6087912087912108,,,,2026-09-09 15:20:00+05:30,2026-09-09 15:20:00+05:30,600.0,,False,,,,1788946200,225.14
2026-09-09 13:25:00+00:00,2026-09-09 18:55:00+05:30,30m,TSLAXUSD,short,0.2,367.90272,370.03,368.64,370.03,368.64,368.64,,0.47132703993054326,,,,,,,XSTOCK,TSLAXUSD|short|368.64000000|370.03000000,289,1b5c01b9254d0ee1,False,,,body,,,,,0,False,False,False,zone_cooldown,,,,0.17524986474820606,-1.281833317985624,,,,,,,,,,True,,,,1788960300,368.64
2026-09-09 13:30:00+00:00,2026-09-09 19:00:00+05:30,30m,MRVL/USDT:USDT,short,0.2,231.36634,232.09,231.83,232.09,231.83,231.83,,0.14018893154466144,,,,,,,XSTOCK,MRVL/USDT:USDT|short|231.83000000|232.09000000,290,96b14f9af67d4a2a,False,,,,,,,,0,False,False,False,stop_too_tight,,,,,,,,,,,,,,,False,,,,1788960600,231.83
2026-09-09 14:20:00+00:00,2026-09-09 19:50:00+05:30,30m,NVDAXUSD,long,0.2,223.86684,223.17,223.17,223.42,223.42,223.42,,0.1398710947990332,,,,,,,XSTOCK,NVDAXUSD|long|223.17000000|223.42000000,293,5e172b62a2faff73,False,,,,,,,,0,False,False,False,zone_not_touched,,,,,,,,,,,,,,,False,,,,1788963600,223.42
2026-09-10 12:30:00+00:00,2026-09-10 18:00:00+05:30,30m,SNDKBUSD,long,0.2,1730.97504,1721.79,1721.79,1727.52,1727.52,1727.52,1720.3575,0.4146116976937985,,,,,,,XSTOCK,SNDKBUSD|long|1721.79000000|1727.52000000,297,c0d9fd9ecadc1eb8,True,2026-09-10 18:05:00+05:30,1727.52,body,1734.6825,1741.8449999999998,2026-09-10 18:05:00+05:30,1719.4973212500001,1,False,False,False,SL,SL,-1.1200947643978978,-1.3193173151832407,0.19922255078534282,-1.3193173151832407,0.0,3.0687609075044047,,,,2026-09-10 18:05:00+05:30,2026-09-10 18:05:00+05:30,0.0,,False,,,,1789043400,1727.52
2026-09-11 13:10:00+00:00,2026-09-11 18:40:00+05:30,30m,MRVL/USDT:USDT,short,0.2,234.46014,235.6,234.93,235.6,234.93,234.93,235.76749999999998,0.356489166985901,,,,,,,XSTOCK,MRVL/USDT:USDT|short|234.93000000|235.60000000,301,b9f824ee45afb027,True,2026-09-11 19:10:00+05:30,234.93,body,234.09250000000003,233.25500000000005,2026-09-11 19:10:00+05:30,235.88538375,1,False,False,False,SL,SL,-1.1407567164179193,-1.3724608119403137,0.23170409552239438,-1.3724608119403137,0.0,2.8895522388060337,,,,2026-09-11 19:10:00+05:30,2026-09-11 19:10:00+05:30,0.0,,False,,,,1789132200,234.93
2026-09-12 11:00:00+00:00,2026-09-12 16:30:00+05:30,30m,MRVL/USDT:USDT,long,0.2,236.03112000000002,235.38,235.38,235.56,235.56,235.56,,0.09551706571575086,,,,,,,XSTOCK,MRVL/USDT:USDT|long|235.38000000|235.56000000,306,62344b0daded9ebc,False,,,,,,,,0,False,False,False,zone_not_touched,,,,,,,,,,,,,,,False,,,,1789210800,235.56
2026-09-12 18:45:00+00:00,2026-09-13 00:15:00+05:30,30m,TSLAXUSD,short,0.2,367.12428,369.39,367.86,369.39,367.86,367.86,369.7725,0.5198988745718387,,,,,,,XSTOCK,TSLAXUSD|short|367.86000000|369.39000000,308,1e97ab0ccb18ab51,True,2026-09-13 00:25:00+05:30,367.86,body,365.94750000000005,364.0350000000001,2026-09-13 00:25:00+05:30,369.95738624999996,1,False,False,False,SL,SL,-1.0966725490195974,-1.2555495999999924,0.158877050980395,-1.2555495999999924,0.0,1.4065359477124422,,,,2026-09-13 00:25:00+05:30,2026-09-13 00:25:00+05:30,0.0,,False,,,,1789238700,367.86
2026-09-13 05:55:00+00:00,2026-09-13 11:25:00+05:30,30m,METAXUSD,short,0.2,648.88962,650.29,650.19,650.29,650.19,650.19,,0.01922514957164618,,,,,,,XSTOCK,METAXUSD|short|650.19000000|650.29000000,313,fe33c58b21c39cdc,False,,,,,,,,0,False,False,False,zone_not_touched,,,,,,,,,,,,,,,False,,,,1789278900,650.19
2026-09-13 08:15:00+00:00,2026-09-13 13:45:00+05:30,30m,MRVL/USDT:USDT,long,0.2,229.25760000000002,227.34,227.34,228.8,228.8,228.8,226.975,0.7976398601398674,,,,,,,XSTOCK,MRVL/USDT:USDT|long|227.34000000|228.80000000,316,1579967ab9551cb6,True,2026-09-13 13:50:00+05:30,228.8,body,230.62500000000003,232.45000000000005,2026-09-13 18:10:00+05:30,226.8615125,53,False,False,False,SL,SL,-1.0621849315068437,-1.1657404383561578,0.10355550684931411,-1.1657404383561578,0.0054794520547894856,1.101369863013699,,,,2026-09-13 18:10:00+05:30,2026-09-13 18:10:00+05:30,15600.0,,False,,,,1789287300,228.8
2026-09-13 12:35:00+00:00,2026-09-13 18:05:00+05:30,30m,SNDKBUSD,long,0.2,1573.83138,1562.65,1562.65,1570.69,1570.69,1570.69,1560.64,0.6398461822511097,,,,,,,XSTOCK,SNDKBUSD|long|1562.65000000|1570.69000000,320,9cd9a180a52e719a,True,2026-09-13 18:25:00+05:30,1570.69,body,1580.74,1590.79,2026-09-13 18:55:00+05:30,1559.85968,7,False,False,False,SL,SL,-1.0776437810945352,-1.206737307462695,0.1290935263681598,-1.206737307462695,0.01791044776117782,1.323383084577116,,,,2026-09-13 18:55:00+05:30,2026-09-13 18:55:00+05:30,1800.0,,False,,,,1789302900,1570.69
2026-09-14 02:40:00+00:00,2026-09-14 08:10:00+05:30,30m,TSLAXUSD,long,0.2,361.14084,358.11,358.11,360.42,360.42,360.42,,0.8011486598967839,,,,,,,XSTOCK,TSLAXUSD|long|358.11000000|360.42000000,323,3d58b6ecb69d096b,False,,,,,,,,0,False,False,False,zone_not_touched,,,,,,,,,,,,,,,False,,,,1789353600,360.42
2026-09-14 08:20:00+00:00,2026-09-14 13:50:00+05:30,30m,MRVL/USDT:USDT,long,0.2,220.8408,220.25,220.25,220.4,220.4,220.4,,0.08507259528130671,,,,,,,XSTOCK,MRVL/USDT:USDT|long|220.25000000|220.40000000,327,15cce09c90437def,False,,,,,,,,0,False,False,False,stop_too_tight,,,,,,,,,,,,,,,False,,,,1789374000,220.4
2026-09-16 05:45:00+00:00,2026-09-16 11:15:00+05:30,30m,SOXLBUSD,short,0.2,105.05946,105.97,105.27,105.97,105.27,105.27,106.145,0.8311959722618031,,,,,,,XSTOCK,SOXLBUSD|short|105.27000000|105.97000000,336,ba78961c5b5b7abb,True,2026-09-16 11:30:00+05:30,105.27,body,104.395,103.52,2026-09-16 12:30:00+05:30,106.1980725,13,False,False,False,SL,SL,-1.0606542857142844,-1.1600291657142845,0.09937487999999998,-1.1600291657142845,0.36571428571427794,1.3485714285714363,,,,2026-09-16 12:30:00+05:30,2026-09-16 12:30:00+05:30,3600.0,,False,,,,1789537500,105.27
2026-09-16 07:30:00+00:00,2026-09-16 13:00:00+05:30,30m,MRVL/USDT:USDT,short,0.2,226.30648,227.72,226.76,227.72,226.76,226.76,,0.5291938613512159,,,,,,,XSTOCK,MRVL/USDT:USDT|short|226.76000000|227.72000000,338,3492bb225bb0f3d5,False,,,,,,,,0,False,False,False,zone_not_touched,,,,,,,,,,,,,,,False,,,,1789543800,226.76
2026-09-17 08:40:00+00:00,2026-09-17 14:10:00+05:30,30m,SOXLBUSD,short,0.2,109.1812,109.43,109.4,109.43,109.4,109.4,,0.03427787934185952,,,,,,,XSTOCK,SOXLBUSD|short|109.40000000|109.43000000,352,fb719ffba7c638be,False,,,,,,,,0,False,False,False,stop_too_tight,,,,,,,,,,,,,,,False,,,,1789634400,109.4
2026-09-17 13:30:00+00:00,2026-09-17 19:00:00+05:30,30m,METAXUSD,long,0.2,675.46824,673.0,673.0,674.12,674.12,674.12,672.72,0.20767815819141655,,,,,,,XSTOCK,METAXUSD|long|673.00000000|674.12000000,358,8fb677ce7583d79f,True,2026-09-17 19:10:00+05:30,674.12,body,675.52,676.92,2026-09-17 19:10:00+05:30,672.38364,1,False,False,False,SL,SL,-1.2402571428571563,-1.6379879428571629,0.3977308000000065,-1.6379879428571629,0.0,3.7642857142857626,,,,2026-09-17 19:10:00+05:30,2026-09-17 19:10:00+05:30,0.0,,False,,,,1789651800,674.12
2026-09-18 04:15:00+00:00,2026-09-18 09:45:00+05:30,30m,SNDKBUSD,short,0.2,1637.72798,1643.47,1641.01,1643.47,1641.01,1641.01,,0.18738459850945732,,,,,,,XSTOCK,SNDKBUSD|short|1641.01000000|1643.47000000,362,1307e8fc9ca4244f,False,,,,,,,,0,False,False,False,zone_not_touched,,,,,,,,,,,,,,,False,,,,1789704900,1641.01
2026-09-19 15:30:00+00:00,2026-09-19 21:00:00+05:30,30m,NVDAXUSD,short,0.2,221.97516,222.83,222.42,222.83,222.42,222.42,,0.23041992626563126,,,,,,,XSTOCK,NVDAXUSD|short|222.42000000|222.83000000,370,d8cf2d7b5b9e1942,False,,,,,,,,0,False,False,False,zone_not_touched,,,,,,,,,,,,,,,False,,,,1789831800,222.42
2026-09-20 14:30:00+00:00,2026-09-20 20:00:00+05:30,30m,SOXLBUSD,long,0.2,119.84922,119.36,119.36,119.61,119.61,119.61,,0.26126578045313936,,,,,,,XSTOCK,SOXLBUSD|long|119.36000000|119.61000000,380,bc77059b32ca329f,False,,,,,,,,0,False,False,False,zone_not_touched,,,,,,,,,,,,,,,False,,,,1789914600,119.61
2026-09-20 19:25:00+00:00,2026-09-21 00:55:00+05:30,30m,SOXLBUSD,short,0.2,121.81588,122.15,122.06,122.15,122.06,122.06,,0.09216778633459885,,,,,,,XSTOCK,SOXLBUSD|short|122.06000000|122.15000000,383,53d644645a1d9bef,False,,,,,,,,0,False,False,False,stop_too_tight,,,,,,,,,,,,,,,False,,,,1789932300,122.06
2026-09-21 07:50:00+00:00,2026-09-21 13:20:00+05:30,30m,TSLAXUSD,short,0.2,368.5614,371.19,369.3,371.19,369.3,369.3,371.6625,0.6397238017871679,,,,,,,XSTOCK,TSLAXUSD|short|369.30000000|371.19000000,385,ecd64d5d89a15dc0,True,2026-09-21 13:30:00+05:30,369.3,body,366.9375,364.575,2026-09-21 18:50:00+05:30,371.84833125,65,False,False,False,SL,SL,-1.0786587301587207,-1.2077769523809423,0.1291182222222216,-1.2077769523809423,0.0,1.058201058201053,,,,2026-09-21 18:50:00+05:30,2026-09-21 18:50:00+05:30,19200.0,,False,,,,1789977000,369.3
2026-09-22 13:35:00+00:00,2026-09-22 19:05:00+05:30,30m,MRVL/USDT:USDT,short,0.2,261.04686,262.29,261.57,262.29,261.57,261.57,262.47,0.34407615552243537,,,,,,,XSTOCK,MRVL/USDT:USDT|short|261.57000000|262.29000000,392,a036a77e9363788c,True,2026-09-22 19:10:00+05:30,261.57,body,260.66999999999996,259.7699999999999,2026-09-22 19:20:00+05:30,261.456618167595,3,True,True,False,BE,BE,0.1259798137832935,-0.11408331955003073,0.24006313333332424,0.3872285333332803,1.0222222222222013,2.1333333333332702,2026-09-22 19:15:00+05:30,2026-09-22 19:15:00+05:30,,2026-09-22 19:20:00+05:30,2026-09-22 19:25:00+05:30,900.0,300.0,False,,,,1790084100,261.57
2026-09-22 14:10:00+00:00,2026-09-22 19:40:00+05:30,30m,SOXLBUSD,short,0.2,146.32676,147.11,146.62,147.11,146.62,146.62,147.23250000000002,0.41774655572228303,,,,,,,XSTOCK,SOXLBUSD|short|146.62000000|147.11000000,393,e490398b4cc2e857,True,2026-09-22 19:45:00+05:30,146.62,body,146.0075,145.39499999999998,2026-09-22 19:55:00+05:30,146.55644514177,3,True,True,False,BE,BE,0.10376303384488272,-0.09396450901225648,0.1977275428571392,0.4452086816326609,1.0122448979591723,1.7632653061223902,2026-09-22 19:50:00+05:30,2026-09-22 19:50:00+05:30,,2026-09-22 19:55:00+05:30,2026-09-22 20:00:00+05:30,900.0,300.0,False,,,,1790086200,146.62
2026-09-23 06:35:00+00:00,2026-09-23 12:05:00+05:30,30m,MRVL/USDT:USDT,short,0.2,263.96102,266.01,264.49,266.01,264.49,264.49,,0.718363643237921,,,,,,,XSTOCK,MRVL/USDT:USDT|short|264.49000000|266.01000000,395,0c7a8eb384e52827,False,,,,,,,,0,False,False,False,zone_not_touched,,,,,,,,,,,,,,,False,,,,1790145300,264.49
2026-09-23 06:45:00+00:00,2026-09-23 12:15:00+05:30,30m,NVDAXUSD,short,0.2,229.35038,230.12,229.81,230.12,229.81,229.81,,0.16861755363125563,,,,,,,XSTOCK,NVDAXUSD|short|229.81000000|230.12000000,396,1e861c4fe6a6cc8f,False,,,,,,,,0,False,False,False,zone_not_touched,,,,,,,,,,,,,,,False,,,,1790145900,229.81
2026-09-23 11:00:00+00:00,2026-09-23 16:30:00+05:30,30m,NVDAXUSD,long,0.2,228.75660000000002,228.1,228.1,228.3,228.3,228.3,,0.1095050372317251,,,,,,,XSTOCK,NVDAXUSD|long|228.10000000|228.30000000,397,716bebdbaf65e003,False,,,,,,,,0,False,False,False,stop_too_tight,,,,,,,,,,,,,,,False,,,,1790161200,228.3
2026-09-23 11:25:00+00:00,2026-09-23 16:55:00+05:30,30m,METAXUSD,long,0.2,738.5742,732.36,732.36,737.1,737.1,737.1,731.175,0.803825803825813,,,,,,,XSTOCK,METAXUSD|long|732.36000000|737.10000000,398,4488214782390fa5,True,2026-09-23 17:35:00+05:30,737.1,body,743.0250000000001,748.9500000000002,2026-09-23 18:35:00+05:30,737.41882044285,13,True,False,False,BE,BE,0.053809357443034486,-0.04894922483544535,0.10275858227847984,0.15028202953586678,0.5654008438818539,0.3037974683544384,2026-09-23 18:10:00+05:30,,,2026-09-23 18:35:00+05:30,2026-09-23 18:40:00+05:30,3900.0,2100.0,False,,,,1790162700,737.1
2026-09-23 13:25:00+00:00,2026-09-23 18:55:00+05:30,30m,MRVL/USDT:USDT,short,0.2,263.96102,266.01,264.49,266.01,264.49,264.49,,0.718363643237921,,,,,,,XSTOCK,MRVL/USDT:USDT|short|264.49000000|266.01000000,400,11f55333dd0d4db3,False,,,,,,,,0,False,False,False,zone_not_touched,,,,,,,,,,,,,,,False,,,,1790169900,264.49
2026-09-24 07:00:00+00:00,2026-09-24 12:30:00+05:30,30m,SOXLBUSD,long,0.2,140.29002,139.67,139.67,140.01,140.01,140.01,139.58499999999998,0.3035497464466905,,,,,,,XSTOCK,SOXLBUSD|long|139.67000000|140.01000000,406,6c75c0888ffe154b,True,2026-09-24 13:40:00+05:30,140.01,body,140.435,140.86,2026-09-24 13:50:00+05:30,139.51520749999997,3,False,False,False,SL,SL,-1.1642176470588321,-1.4363312000000013,0.2721135529411692,-1.4363312000000013,0.44705882352939447,1.670588235294025,,,,2026-09-24 13:50:00+05:30,2026-09-24 13:50:00+05:30,600.0,,False,,,,1790233200,140.01
2026-09-24 08:10:00+00:00,2026-09-24 13:40:00+05:30,30m,NVDAXUSD,long,0.2,223.6464,221.86,221.86,223.2,223.2,223.2,221.52500000000003,0.7504480286738148,,,,,,,XSTOCK,NVDAXUSD|long|221.86000000|223.20000000,407,cb39992b7a6bf9c0,True,2026-09-24 13:45:00+05:30,223.2,body,224.87499999999994,226.5499999999999,2026-09-24 19:00:00+05:30,221.41423750000004,64,False,False,False,SL,SL,-1.0661268656716392,-1.1761944477611945,0.11006758208955525,-1.1761944477611945,0.20895522388061627,1.194029850746301,,,,2026-09-24 19:00:00+05:30,2026-09-24 19:00:00+05:30,18900.0,,False,,,,1790237400,223.2
2026-09-24 08:20:00+00:00,2026-09-24 13:50:00+05:30,30m,METAXUSD,long,0.2,733.5341400000001,730.17,730.17,732.07,732.07,732.07,729.6949999999999,0.3244225279003529,,,,,,,XSTOCK,METAXUSD|long|730.17000000|732.07000000,408,1ee30c5ddbd37ae1,True,2026-09-24 13:55:00+05:30,732.07,body,734.4450000000002,736.8200000000003,2026-09-24 14:05:00+05:30,729.3301524999999,3,False,False,False,SL,SL,-1.153619999999991,-1.408226239999979,0.2546062399999879,-1.408226239999979,0.09684210526311304,1.0399999999999616,,,,2026-09-24 14:05:00+05:30,2026-09-24 14:05:00+05:30,600.0,,False,,,,1790238000,732.07
2026-09-24 13:45:00+00:00,2026-09-24 19:15:00+05:30,30m,MRVL/USDT:USDT,short,0.2,260.55784,261.32,261.08,261.32,261.08,261.08,,0.11490730810479982,,,,,,,XSTOCK,MRVL/USDT:USDT|short|261.08000000|261.32000000,413,e3d23b385abaffd8,False,,,,,,,,0,False,False,False,zone_not_touched,,,,,,,,,,,,,,,False,,,,1790257500,261.08
2026-09-24 16:40:00+00:00,2026-09-24 22:10:00+05:30,30m,SOXLBUSD,short,0.2,146.02736,147.14,146.32,147.14,146.32,146.32,147.34499999999997,0.7005194095133798,,,,,,,XSTOCK,SOXLBUSD|short|146.32000000|147.14000000,414,2257154a0005a198,True,2026-09-24 22:20:00+05:30,146.32,body,145.29500000000002,144.27000000000004,2026-09-24 22:30:00+05:30,146.25657518172,3,True,False,False,BE,BE,0.06187787149268226,-0.05603463582439354,0.1179125073170758,0.5562063951219381,0.9951219512195165,0.8585365853658683,2026-09-24 22:25:00+05:30,,,2026-09-24 22:30:00+05:30,2026-09-24 22:35:00+05:30,900.0,300.0,False,,,,1790268000,146.32
2026-09-25 08:20:00+00:00,2026-09-25 13:50:00+05:30,30m,SNDKBUSD,short,0.2,1796.2303399999998,1810.64,1799.83,1810.64,1799.83,1799.83,,0.7507653500608543,,,,,,,XSTOCK,SNDKBUSD|short|1799.83000000|1810.64000000,419,f81f92206eaa0c2d,False,,,,,,,,0,False,False,False,zone_not_touched,,,,,,,,,,,,,,,False,,,,1790324400,1799.83
2026-09-25 13:00:00+00:00,2026-09-25 18:30:00+05:30,30m,TSLAXUSD,long,0.2,377.7039,376.03,376.03,376.95,376.95,376.95,375.79999999999995,0.305080249369952,,,,,,,XSTOCK,TSLAXUSD|long|376.03000000|376.95000000,422,25cd7785f04be398,True,2026-09-25 19:00:00+05:30,376.95,body,378.1,379.25000000000006,2026-09-25 19:00:00+05:30,375.61209999999994,1,False,False,False,SL,SL,-1.1633913043478328,-1.4341397391304334,0.27074843478260063,-1.4341397391304334,0.0,4.739130434782458,,,,2026-09-25 19:00:00+05:30,2026-09-25 19:00:00+05:30,0.0,,False,,,,1790341200,376.95
2026-09-25 14:10:00+00:00,2026-09-25 19:40:00+05:30,30m,MRVL/USDT:USDT,long,0.2,259.4178,258.23,258.23,258.9,258.9,258.9,258.0625,0.32348397064502793,,,,,,,XSTOCK,MRVL/USDT:USDT|long|258.23000000|258.90000000,424,31ef31dc3a82d9e6,True,2026-09-25 19:45:00+05:30,258.9,body,259.73749999999995,260.57499999999993,2026-09-25 19:45:00+05:30,257.93346875,1,False,False,False,SL,SL,-1.1540671641791391,-1.4094121194030267,0.2553449552238875,-1.4094121194030267,0.0,1.2298507462686574,,,,2026-09-25 19:45:00+05:30,2026-09-25 19:45:00+05:30,0.0,,False,,,,1790345400,258.9
2026-09-26 04:35:00+00:00,2026-09-26 10:05:00+05:30,30m,TSLAXUSD,long,0.2,371.61174,368.08,368.08,370.87,370.87,370.87,,0.9403564591366277,,,,,,,XSTOCK,TSLAXUSD|long|368.08000000|370.87000000,425,1a254624402f0d64,False,,,,,,,,0,False,False,False,zone_not_touched,,,,,,,,,,,,,,,False,,,,1790397300,370.87
2026-09-26 19:00:00+00:00,2026-09-27 00:30:00+05:30,30m,SNDKBUSD,long,0.2,1769.1311999999998,1761.22,1761.22,1765.6,1765.6,1765.6,,0.3100928862709509,,,,,,,XSTOCK,SNDKBUSD|long|1761.22000000|1765.60000000,428,cafd9d6a71027b8a,False,,,,,,,,0,False,False,False,zone_not_touched,,,,,,,,,,,,,,,False,,,,1790449200,1765.6
2026-09-27 04:35:00+00:00,2026-09-27 10:05:00+05:30,30m,TSLAXUSD,long,0.2,372.3432,371.32,371.32,371.6,371.6,371.6,,0.09418729817008147,,,,,,,XSTOCK,TSLAXUSD|long|371.32000000|371.60000000,431,25303dcbdd9b79cc,False,,,,,,,,0,False,False,False,zone_not_touched,,,,,,,,,,,,,,,False,,,,1790483700,371.6
2026-09-27 14:50:00+00:00,2026-09-27 20:20:00+05:30,30m,TSLAXUSD,long,0.2,372.3432,371.32,371.32,371.6,371.6,371.6,,0.09418729817008147,,,,,,,XSTOCK,TSLAXUSD|long|371.32000000|371.60000000,437,d4091d770bcb931b,False,,,,,,,,0,False,False,False,zone_not_touched,,,,,,,,,,,,,,,False,,,,1790520600,371.6
2026-09-28 02:30:00+00:00,2026-09-28 08:00:00+05:30,30m,NVDAXUSD,long,0.2,224.86883999999998,224.31,224.31,224.42,224.42,224.42,,0.06126904910435284,,,,,,,XSTOCK,NVDAXUSD|long|224.31000000|224.42000000,439,8ece8775193d89bc,False,,,,,,,,0,False,False,False,stop_too_tight,,,,,,,,,,,,,,,False,,,,1790562600,224.42
2026-09-28 09:10:00+00:00,2026-09-28 14:40:00+05:30,30m,MRVL/USDT:USDT,long,0.2,253.32564,251.31,251.31,252.82,252.82,252.82,,0.7465785934657023,,,,,,,XSTOCK,MRVL/USDT:USDT|long|251.31000000|252.82000000,441,1ff5b5cb4e546ec2,False,,,,,,,,0,False,False,False,zone_not_touched,,,,,,,,,,,,,,,False,,,,1790586600,252.82
2026-09-28 11:30:00+00:00,2026-09-28 17:00:00+05:30,30m,TSLAXUSD,long,0.2,371.61174,368.08,368.08,370.87,370.87,370.87,367.3825,0.9403564591366277,,,,,,,XSTOCK,TSLAXUSD|long|368.08000000|370.87000000,443,84d5a46f3311ce77,True,2026-09-28 17:10:00+05:30,370.87,body,374.3575,377.845,2026-09-28 19:00:00+05:30,367.19880875,23,False,False,False,SL,SL,-1.052671326164869,-1.1405103569892414,0.08783903082437249,-1.1405103569892414,0.2379928315412133,1.4824372759856628,,,,2026-09-28 19:00:00+05:30,2026-09-28 19:00:00+05:30,6600.0,,False,,,,1790595000,370.87
2026-09-28 13:35:00+00:00,2026-09-28 19:05:00+05:30,30m,NVDAXUSD,short,0.2,232.92322,233.89,233.39,233.89,233.39,233.39,,0.2677921076310039,,,,,,,XSTOCK,NVDAXUSD|short|233.39000000|233.89000000,445,1d7c3f3fcdc94d4b,False,,,,,,,,0,False,False,False,zone_not_touched,,,,,,,,,,,,,,,False,,,,1790602500,233.39
2026-09-28 14:45:00+00:00,2026-09-28 20:15:00+05:30,30m,SOXLBUSD,long,0.2,136.51248,135.19,135.19,136.24,136.24,136.24,134.9275,0.9633734586024663,,,,,,,XSTOCK,SOXLBUSD|long|135.19000000|136.24000000,447,b60c204857908a81,True,2026-09-28 20:20:00+05:30,136.24,body,137.5525,138.865,2026-09-28 20:45:00+05:30,136.29892836404002,6,True,True,False,BE,BE,0.044897801173344,-0.040842572159989356,0.08574037333333336,0.5720036742857154,1.036190476190465,0.5638095238095308,2026-09-28 20:25:00+05:30,2026-09-28 20:40:00+05:30,,2026-09-28 20:45:00+05:30,2026-09-28 20:50:00+05:30,1800.0,1200.0,False,,,,1790606700,136.24
2026-09-29 03:10:00+00:00,2026-09-29 08:40:00+05:30,30m,TSLAXUSD,long,0.2,356.77212000000003,354.54,354.54,356.06,356.06,356.06,,0.5336179295624269,,,,,,,XSTOCK,TSLAXUSD|long|354.54000000|356.06000000,449,0478d1f9281d780d,False,,,,,,,,0,False,False,False,zone_not_touched,,,,,,,,,,,,,,,False,,,,1790651400,356.06
2026-09-29 13:30:00+00:00,2026-09-29 19:00:00+05:30,30m,MRVL/USDT:USDT,short,0.2,259.39018000000004,261.94,259.91,261.94,259.91,259.91,262.4475,0.9762994882843928,,,,,,,XSTOCK,MRVL/USDT:USDT|short|259.91000000|261.94000000,453,a1e243d704fc6904,True,2026-09-29 19:10:00+05:30,259.91,body,257.37250000000006,254.8350000000001,2026-09-29 19:20:00+05:30,262.57872375,3,False,False,False,SL,SL,-1.0517137931034504,-1.136318979310348,0.0846051862068977,-1.136318979310348,0.0,1.205911330049278,,,,2026-09-29 19:20:00+05:30,2026-09-29 19:20:00+05:30,600.0,,False,,,,1790688600,259.91
2026-09-29 15:05:00+00:00,2026-09-29 20:35:00+05:30,30m,MRVL/USDT:USDT,short,0.2,263.49196,264.85,264.02,264.85,264.02,264.02,,0.3929626543443765,,,,,,,XSTOCK,MRVL/USDT:USDT|short|264.02000000|264.85000000,456,5ab8cbd3f1355563,False,,,,,,,,0,False,False,False,zone_not_touched,,,,,,,,,,,,,,,False,,,,1790694300,264.02
2026-09-29 17:40:00+00:00,2026-09-29 23:10:00+05:30,30m,NVDAXUSD,long,0.2,229.01712,228.16,228.16,228.56,228.56,228.56,228.06,0.21876093804690236,,,,,,,XSTOCK,NVDAXUSD|long|228.16000000|228.56000000,457,9c7ba1388c0d361d,True,2026-09-29 23:15:00+05:30,228.56,body,229.06,229.56,2026-09-29 23:25:00+05:30,227.94597,3,False,False,False,SL,SL,-1.2280600000000277,-1.6056411200000278,0.37758112000000005,-1.6056411200000278,0.0,1.7200000000000273,,,,2026-09-29 23:25:00+05:30,2026-09-29 23:25:00+05:30,600.0,,False,,,,1790703600,228.56
2026-09-30 06:40:00+00:00,2026-09-30 12:10:00+05:30,30m,NVDAXUSD,long,0.2,228.0051,227.33,227.33,227.55,227.55,227.55,,0.12085255987695262,,,,,,,XSTOCK,NVDAXUSD|long|227.33000000|227.55000000,459,8f00485f671e445a,False,,,,,,,,0,False,False,False,zone_not_touched,,,,,,,,,,,,,,,False,,,,1790750400,227.55
2026-10-01 04:00:00+00:00,2026-10-01 09:30:00+05:30,30m,SOXLBUSD,short,0.2,154.23092,154.99,154.54,154.99,154.54,154.54,155.10250000000002,0.36398343470947875,,,,,,,XSTOCK,SOXLBUSD|short|154.54000000|154.99000000,469,fcbab90f4e6c8123,True,2026-10-01 09:35:00+05:30,154.54,body,153.97749999999996,153.41499999999994,2026-10-01 09:55:00+05:30,154.47301208709,5,True,True,False,BE,BE,0.11908962295106908,-0.10784378149336395,0.22693340444443302,0.4349860400000012,1.137777777777696,0.8711111111110833,2026-10-01 09:45:00+05:30,2026-10-01 09:45:00+05:30,,2026-10-01 09:55:00+05:30,2026-10-01 10:00:00+05:30,1500.0,600.0,False,,,,1790827200,154.54
2026-10-01 05:35:00+00:00,2026-10-01 11:05:00+05:30,30m,NVDAXUSD,short,0.2,231.66574,233.37,232.13,233.37,232.13,232.13,,0.6677292896221994,,,,,,,XSTOCK,NVDAXUSD|short|232.13000000|233.37000000,471,47d86c344642d53e,False,,,,,,,,0,False,False,False,zone_not_touched,,,,,,,,,,,,,,,False,,,,1790832900,232.13
2026-10-01 13:35:00+00:00,2026-10-01 19:05:00+05:30,30m,MRVL/USDT:USDT,long,0.2,258.44586,256.66,256.66,257.93,257.93,257.93,,0.6154770674213845,,,,,,,XSTOCK,MRVL/USDT:USDT|long|256.66000000|257.93000000,474,6a4a3d0f70869679,False,,,,,,,,0,False,False,False,zone_not_touched,,,,,,,,,,,,,,,False,,,,1790861700,257.93
2026-10-01 13:45:00+00:00,2026-10-01 19:15:00+05:30,30m,NVDAXUSD,short,0.2,231.66574,233.37,232.13,233.37,232.13,232.13,,0.6677292896221994,,,,,,,XSTOCK,NVDAXUSD|short|232.13000000|233.37000000,475,41e379354aee21fa,False,,,,,,,,0,False,False,False,zone_not_touched,,,,,,,,,,,,,,,False,,,,1790862300,232.13
2026-10-02 08:10:00+00:00,2026-10-02 13:40:00+05:30,30m,NVDAXUSD,short,0.2,232.92322,233.89,233.39,233.89,233.39,233.39,234.015,0.2677921076310039,,,,,,,XSTOCK,NVDAXUSD|short|233.39000000|233.89000000,484,960eff90f94ac974,True,2026-10-02 14:55:00+05:30,233.39,body,232.765,232.14,2026-10-02 16:40:00+05:30,234.1320075,22,False,False,False,SL,SL,-1.1872119999999995,-1.4956602239999994,0.308448224,-1.4956602239999994,0.14399999999996,2.176000000000022,,,,2026-10-02 16:40:00+05:30,2026-10-02 16:40:00+05:30,6300.0,,False,,,,1790928600,233.39
2026-10-02 13:40:00+00:00,2026-10-02 19:10:00+05:30,30m,TSLAXUSD,short,0.2,370.24802,371.42,370.99,371.42,370.99,370.99,,0.14488261139114875,,,,,,,XSTOCK,TSLAXUSD|short|370.99000000|371.42000000,489,a6783b0523119c66,False,,,,,,,,0,False,False,False,stop_too_tight,,,,,,,,,,,,,,,False,,,,1790948400,370.99
2026-10-04 02:30:00+00:00,2026-10-04 08:00:00+05:30,30m,MRVL/USDT:USDT,long,0.2,273.02496,271.94,271.94,272.48,272.48,272.48,,0.24772460364063834,,,,,,,XSTOCK,MRVL/USDT:USDT|long|271.94000000|272.48000000,500,b56448baee6cc5a2,False,,,,,,,,0,False,False,False,zone_not_touched,,,,,,,,,,,,,,,False,,,,1791081000,272.48
2026-10-04 02:30:00+00:00,2026-10-04 08:00:00+05:30,30m,TSLAXUSD,short,0.2,371.69512,374.9,372.44,374.9,372.44,372.44,375.515,0.8256363441091152,,,,,,,XSTOCK,TSLAXUSD|short|372.44000000|374.90000000,499,452a153653921503,True,2026-10-04 09:20:00+05:30,372.44,body,369.365,366.29,2026-10-04 15:15:00+05:30,372.1,72,False,False,False,Neither,Neither,0.11056910569104919,0.010525060162593525,0.10004404552845567,0.010525060162593525,0.1593495934959385,0.01951219512195203,,,,,2026-10-04 15:20:00+05:30,21600.0,,False,,,,1791081000,372.44
2026-10-04 06:55:00+00:00,2026-10-04 12:25:00+05:30,30m,TSLAXUSD,long,0.2,371.46144000000004,369.64,369.64,370.72,370.72,370.72,,0.3641562365127381,,,,,,,XSTOCK,TSLAXUSD|long|369.64000000|370.72000000,504,212b4c24005d42f7,False,,,,,,,,0,False,False,False,zone_not_touched,,,,,,,,,,,,,,,False,,,,1791096900,370.72
2026-10-04 09:50:00+00:00,2026-10-04 15:20:00+05:30,30m,NVDAXUSD,short,0.2,234.80944,235.3,235.28,235.3,235.28,235.28,,0.010625637538254712,,,,,,,XSTOCK,NVDAXUSD|short|235.28000000|235.30000000,505,3113778ceca32210,False,,,,,,,,0,False,False,False,zone_not_touched,,,,,,,,,,,,,,,False,,,,1791107400,235.28
2026-10-04 16:40:00+00:00,2026-10-04 22:10:00+05:30,30m,METAXUSD,long,0.2,728.8047,726.88,726.88,727.35,727.35,727.35,,0.08077266790403206,,,,,,,XSTOCK,METAXUSD|long|726.88000000|727.35000000,509,cbbeb6357e34596e,False,,,,,,,,0,False,False,False,zone_not_touched,,,,,,,,,,,,,,,False,,,,1791132000,727.35
2026-10-05 03:05:00+00:00,2026-10-05 08:35:00+05:30,30m,TSLAXUSD,short,0.2,371.69512,374.9,372.44,374.9,372.44,372.44,375.515,0.8256363441091152,,,,,,,XSTOCK,TSLAXUSD|short|372.44000000|374.90000000,513,ee90ba6fbb1f73cb,True,2026-10-05 08:40:00+05:30,372.44,body,369.365,366.29,2026-10-05 14:35:00+05:30,372.35,72,False,False,False,Neither,Neither,0.029268292682918803,-0.07077575284553686,0.10004404552845567,-0.07077575284553686,0.3219512195121993,0.29593495934960273,,,,,2026-10-05 14:40:00+05:30,21600.0,,False,,,,1791169500,372.44
2026-10-05 08:40:00+00:00,2026-10-05 14:10:00+05:30,30m,MRVL/USDT:USDT,long,0.2,274.00692,273.34,273.34,273.46,273.46,273.46,,0.05485262926937546,,,,,,,XSTOCK,MRVL/USDT:USDT|long|273.34000000|273.46000000,518,1bf46775198bbdb1,False,,,,,,,,0,False,False,False,zone_not_touched,,,,,,,,,,,,,,,False,,,,1791189600,273.46
2026-10-05 09:40:00+00:00,2026-10-05 15:10:00+05:30,30m,METAXUSD,long,0.2,726.0492,722.54,722.54,724.6,724.6,724.6,,0.3553684791609226,,,,,,,XSTOCK,METAXUSD|long|722.54000000|724.60000000,521,36eb36d07482bfb0,False,,,,,,,,0,False,False,False,zone_not_touched,,,,,,,,,,,,,,,False,,,,1791193200,724.6
2026-10-05 13:25:00+00:00,2026-10-05 18:55:00+05:30,30m,METAXUSD,short,0.2,728.74958,730.41,730.21,730.41,730.21,730.21,,0.03423672642115094,,,,,,,XSTOCK,METAXUSD|short|730.21000000|730.41000000,523,36a076dcae2a1ba0,False,,,,,,,,0,False,False,False,stop_too_tight,,,,,,,,,,,,,,,False,,,,1791206700,730.21
2026-10-05 13:25:00+00:00,2026-10-05 18:55:00+05:30,30m,MRVL/USDT:USDT,short,0.2,277.15457999999995,277.97,277.71,277.97,277.71,277.71,,0.11702855496742842,,,,,,,XSTOCK,MRVL/USDT:USDT|short|277.71000000|277.97000000,524,87a30287a84d3349,False,,,,,,,,0,False,False,False,stop_too_tight,,,,,,,,,,,,,,,False,,,,1791206700,277.71
2026-10-06 12:50:00+00:00,2026-10-06 18:20:00+05:30,30m,METAXUSD,long,0.2,743.49402,741.34,741.34,742.01,742.01,742.01,,0.11286909879920448,,,,,,,XSTOCK,METAXUSD|long|741.34000000|742.01000000,533,67bf5e553c034a05,False,,,,,,,,0,False,False,False,stop_too_tight,,,,,,,,,,,,,,,False,,,,1791291000,742.01
2026-10-07 08:05:00+00:00,2026-10-07 13:35:00+05:30,30m,NVDAXUSD,long,0.2,239.88882,239.19,239.19,239.41,239.41,239.41,,0.11486571154087367,,,,,,,XSTOCK,NVDAXUSD|long|239.19000000|239.41000000,537,9fbd5ed955bc6b9a,False,,,,,,,,0,False,False,False,stop_too_tight,,,,,,,,,,,,,,,False,,,,1791360300,239.41
2026-10-07 08:50:00+00:00,2026-10-07 14:20:00+05:30,30m,METAXUSD,short,0.2,742.60182,744.95,744.09,744.95,744.09,744.09,,0.14447177088793633,,,,,,,XSTOCK,METAXUSD|short|744.09000000|744.95000000,538,bd85813fd94fa710,False,,,,,,,,0,False,False,False,zone_not_touched,,,,,,,,,,,,,,,False,,,,1791363000,744.09
2026-10-07 09:05:00+00:00,2026-10-07 14:35:00+05:30,30m,SOXLBUSD,long,0.2,159.58854000000002,158.12,158.12,159.27,159.27,159.27,157.8325,0.9025554090538078,,,,,,,XSTOCK,SOXLBUSD|long|158.12000000|159.27000000,539,f08ade26839ee210,True,2026-10-07 14:45:00+05:30,159.27,body,160.7075,162.145,2026-10-07 16:10:00+05:30,157.75358375000002,18,False,False,False,SL,SL,-1.0548982608695596,-1.1464161878260815,0.09151792695652175,-1.1464161878260815,0.09043478260869249,1.1269565217391335,,,,2026-10-07 16:10:00+05:30,2026-10-07 16:10:00+05:30,5100.0,,False,,,,1791363900,159.27
2026-10-08 12:10:00+00:00,2026-10-08 17:40:00+05:30,30m,METAXUSD,long,0.2,714.3759,710.96,710.96,712.95,712.95,712.95,710.4625000000001,0.34890244757696254,,,,,,,XSTOCK,METAXUSD|long|710.96000000|712.95000000,552,54049ed42025d818,True,2026-10-08 17:45:00+05:30,712.95,body,715.4375,717.925,2026-10-08 17:55:00+05:30,717.925,3,True,True,True,+2R,+2R,2.0,1.7632576080401967,0.23674239195980334,4.432870045226175,5.065326633165885,0.46231155778898975,2026-10-08 17:50:00+05:30,2026-10-08 17:50:00+05:30,2026-10-08 17:55:00+05:30,,2026-10-08 17:55:00+05:30,600.0,600.0,False,,,,1791461400,712.95
2026-10-08 14:00:00+00:00,2026-10-08 19:30:00+05:30,30m,NVDAXUSD,long,0.2,234.49806,233.95,233.95,234.03,234.03,234.03,,0.04272956458574659,,,,,,,XSTOCK,NVDAXUSD|long|233.95000000|234.03000000,553,c5ba7460a3f8da4e,False,,,,,,,,0,False,False,False,zone_not_touched,,,,,,,,,,,,,,,False,,,,1791468000,234.03
2026-10-08 17:25:00+00:00,2026-10-08 22:55:00+05:30,30m,TSLAXUSD,long,0.2,368.97648000000004,365.42,365.42,368.24,368.24,368.24,,0.9572561373017535,,,,,,,XSTOCK,TSLAXUSD|long|365.42000000|368.24000000,555,9b6697d7c78d2f48,False,,,,,,,,0,False,False,False,zone_not_touched,,,,,,,,,,,,,,,False,,,,1791480300,368.24
2026-10-09 13:05:00+00:00,2026-10-09 18:35:00+05:30,30m,TSLAXUSD,short,0.2,382.54338,383.79,383.31,383.79,383.31,383.31,,0.15653126712061327,,,,,,,XSTOCK,TSLAXUSD|short|383.31000000|383.79000000,562,000d53ffcbbba5c2,False,,,,,,,,0,False,False,False,stop_too_tight,,,,,,,,,,,,,,,False,,,,1791551100,383.31
2026-10-09 15:25:00+00:00,2026-10-09 20:55:00+05:30,30m,SNDKBUSD,long,0.2,1597.21806,1586.0,1586.0,1594.03,1594.03,1594.03,1583.9925,0.6296932930998732,,,,,,,XSTOCK,SNDKBUSD|long|1586.00000000|1594.03000000,565,32f4c71f1b4ca24f,True,2026-10-09 21:00:00+05:30,1594.03,body,,,,,0,False,False,False,Pending,Pending,,,,,,,,,,,,,,False,,,pending,1791559500,1594.03
