event_time,event_time_ist,timeframe,symbol,side,distance_pct,alert_price,level,zone_bottom,zone_top,body_entry,planned_entry,stop_price,stop_distance_pct,rating,wick_to_body,wick_atr,departure_atr,touch_count,zone_age_candles,market_class,zone_id,source_line,trade_id,filled,entry_time,entry_price,target_1_price,target_2_price,exit_time,exit_price,bars_held,half_r_hit,target_1_hit,target_2_hit,outcome,final_result,realized_r,net_realized_r,mfe_r,mae_r,time_to_half_r,time_to_1r,time_to_2r,time_to_sl,final_resolution_time,time_to_resolution_seconds,time_to_best_secured_milestone_seconds,cooldown_blocked,timing_status,entry_basis,cost_r,trail_net_r,ambiguous_interval_start,ambiguous_interval_end,event_ts,planned_entry_x
2026-08-11 03:50:00+00:00,2026-08-11 09:20:00+05:30,30m,TSLAXUSD,short,0.2,332.6334,333.5,333.3,333.5,333.3,333.3,,0.075007500750075,,,,,,,XSTOCK,TSLAXUSD|short|333.30000000|333.50000000,3,3460d11b02307a74,False,,,,,,,0,False,False,False,zone_not_touched,,,,,,,,,,,,,False,,,,,,,1786420200,333.3
2026-08-11 08:30:00+00:00,2026-08-11 14:00:00+05:30,30m,MRVL/USDT:USDT,long,0.2,208.72990656,206.66,206.66,208.31328,208.31328,208.31328,206.24668,0.9920634920634892,,,,,,,XSTOCK,MRVL/USDT:USDT|long|206.66000000|208.31328000,5,fe8885153c833c4c,True,2026-08-11 14:05:00+05:30,208.31328,210.37987999999999,212.44647999999998,2026-08-11 17:50:00+05:30,212.44647999999998,46,True,True,True,+2R,+2R,2.0,1.9167391999999999,2.0162198780605873,0.5096680538081892,2026-08-11 15:55:00+05:30,2026-08-11 16:30:00+05:30,2026-08-11 17:50:00+05:30,,2026-08-11 17:50:00+05:30,13500.0,13500.0,False,,body,0.08326080000000025,1.6316759681215522,,,1786437000,208.31328
2026-08-13 08:00:00+00:00,2026-08-13 13:30:00+05:30,30m,MRVL/USDT:USDT,long,0.2,217.7666403151119,217.32,217.32,217.33197636238714,217.33197636238714,217.33197636238714,,0.006888288246626401,,,,,,,XSTOCK,MRVL/USDT:USDT|long|217.32000000|217.33197636,24,8c93973262e4fa1c,False,,,,,,,0,False,False,False,stop_too_tight,,,,,,,,,,,,,False,,,,,,,1786608000,217.33197636238714
2026-08-14 08:00:00+00:00,2026-08-14 13:30:00+05:30,30m,METAXUSD,short,0.2,595.2909382003397,596.5,596.4839060123644,596.5,596.4839060123644,596.4839060123644,,0.0033726785151608337,,,,,,,XSTOCK,METAXUSD|short|596.48390601|596.50000000,28,a0dd863342cf6c26,False,,,,,,,0,False,False,False,zone_not_touched,,,,,,,,,,,,,False,,,,,,,1786694400,596.4839060123644
2026-08-15 03:45:00+00:00,2026-08-15 09:15:00+05:30,30m,NVDAXUSD,long,0.2,224.3979,223.5,223.5,223.95,223.95,223.95,,0.2511721366376423,,,,,,,XSTOCK,NVDAXUSD|long|223.50000000|223.95000000,34,b763d98266fb4bb7,False,,,,,,,0,False,False,False,zone_not_touched,,,,,,,,,,,,,False,,,,,,,1786765500,223.95
2026-08-15 15:35:00+00:00,2026-08-15 21:05:00+05:30,30m,MRVL/USDT:USDT,short,0.2,222.04502000000002,222.5,222.49,222.5,222.49,222.49,,0.005618230032805353,,,,,,,XSTOCK,MRVL/USDT:USDT|short|222.49000000|222.50000000,37,6c0dce0e823a85f2,False,,,,,,,0,False,False,False,zone_not_touched,,,,,,,,,,,,,False,,,,,,,1786808100,222.49
2026-08-17 02:30:00+00:00,2026-08-17 08:00:00+05:30,30m,TSLAXUSD,short,0.2,343.33196,344.9,344.02,344.9,344.02,344.02,345.12,0.31974885181094787,,,,,,,XSTOCK,TSLAXUSD|short|344.02000000|344.90000000,56,7722e6a41628ce9f,True,2026-08-17 08:10:00+05:30,344.02,342.91999999999996,341.81999999999994,2026-08-17 10:30:00+05:30,345.29256,29,False,False,False,SL,SL,-1.156872727272702,-1.415200472727242,0.10909090909091097,1.0272727272727018,,,,2026-08-17 10:30:00+05:30,2026-08-17 10:30:00+05:30,8400.0,,False,,body,0.2583277454545401,-1.415200472727242,,,1786933800,344.02
2026-08-17 05:40:00+00:00,2026-08-17 11:10:00+05:30,30m,MRVL/USDT:USDT,short,0.2,226.2965,226.86,226.75,226.86,226.75,226.75,,0.06063947078280796,,,,,,,XSTOCK,MRVL/USDT:USDT|short|226.75000000|226.86000000,58,c7f859c5bb8b66c4,False,,,,,,,0,False,False,False,stop_too_tight,,,,,,,,,,,,,False,,,,,,,1786945200,226.75
2026-08-18 09:40:00+00:00,2026-08-18 15:10:00+05:30,30m,SOXLBUSD,long,0.2,136.07160000000002,135.7,135.7,135.8,135.8,135.8,,0.09204712812962328,,,,,,,XSTOCK,SOXLBUSD|long|135.70000000|135.80000000,72,7bc48e05acdf4625,False,,,,,,,0,False,False,False,stop_too_tight,,,,,,,,,,,,,False,,,,,,,1787046000,135.8
2026-08-18 11:35:00+00:00,2026-08-18 17:05:00+05:30,30m,METAXUSD,long,0.2,564.5769,561.85,561.85,563.45,563.45,563.45,561.45,0.3549560741858195,,,,,,,XSTOCK,METAXUSD|long|561.85000000|563.45000000,73,ef56a439aa7ad6ef,True,2026-08-18 17:35:00+05:30,563.45,565.45,567.45,2026-08-18 18:50:00+05:30,561.1692750000001,16,False,False,False,SL,SL,-1.1403624999999806,-1.3730673499999806,0.2249999999999659,1.25,,,,2026-08-18 18:50:00+05:30,2026-08-18 18:50:00+05:30,4500.0,,False,,body,0.23270485000000005,-1.3730673499999806,,,1787052900,563.45
2026-08-18 13:05:00+00:00,2026-08-18 18:35:00+05:30,30m,MRVL/USDT:USDT,long,0.2,219.3879,217.66,217.66,218.95,218.95,218.95,217.3375,0.7364695135875694,,,,,,,XSTOCK,MRVL/USDT:USDT|long|217.66000000|218.95000000,74,e3d9343051a0f869,True,2026-08-18 19:15:00+05:30,218.95,220.56249999999997,222.17499999999995,2026-08-18 19:40:00+05:30,217.22883125,6,False,False,False,SL,SL,-1.0673914728682132,-1.179548186046509,0.031007751937991875,1.382945736434117,,,,2026-08-18 19:40:00+05:30,2026-08-18 19:40:00+05:30,1500.0,,False,,body,0.11215671317829576,-1.179548186046509,,,1787058300,218.95
2026-08-18 13:35:00+00:00,2026-08-18 19:05:00+05:30,30m,TSLAXUSD,short,0.2,340.0685,340.95,340.75,340.95,340.75,340.75,,0.07336757153338225,,,,,,,XSTOCK,TSLAXUSD|short|340.75000000|340.95000000,75,189a573cbbe194bb,False,,,,,,,0,False,False,False,stop_too_tight,,,,,,,,,,,,,False,,,,,,,1787060100,340.75
2026-08-19 06:00:00+00:00,2026-08-19 11:30:00+05:30,30m,METAXUSD,long,0.2,545.7894,544.65,544.65,544.7,544.7,544.7,,0.011474205984966712,,,,,,,XSTOCK,METAXUSD|long|544.65000000|544.70000000,78,0d60adcaa370a809,False,,,,,,,0,False,False,False,stop_too_tight,,,,,,,,,,,,,False,,,,,,,1787119200,544.7
2026-08-19 06:40:00+00:00,2026-08-19 12:10:00+05:30,30m,NVDAXUSD,long,0.2,218.5419896448508,218.1,218.1,218.10577808867345,218.10577808867345,218.10577808867345,,0.0033115174229228473,,,,,,,XSTOCK,NVDAXUSD|long|218.10000000|218.10577809,79,794f1d9fc5a12fb2,False,,,,,,,0,False,False,False,zone_not_touched,,,,,,,,,,,,,False,,,,,,,1787121600,218.10577808867345
2026-08-19 12:25:00+00:00,2026-08-19 17:55:00+05:30,30m,METAXUSD,long,0.2,543.6210547959101,542.5,542.5,542.5359828302496,542.5359828302496,542.5359828302496,,0.008290424826284393,,,,,,,XSTOCK,METAXUSD|long|542.50000000|542.53598283,81,8db42b775fb42634,False,,,,,,,0,False,False,False,stop_too_tight,,,,,,,,,,,,,False,,,,,,,1787142300,542.5359828302496
2026-08-19 13:50:00+00:00,2026-08-19 19:20:00+05:30,30m,NVDAXUSD,long,0.2,218.54198964485076,218.1,218.1,218.10577808867342,218.10577808867342,218.10577808867342,,0.0033115174229098165,,,,,,,XSTOCK,NVDAXUSD|long|218.10000000|218.10577809,85,ad07ca9b990d4455,False,,,,,,,0,False,False,False,stop_too_tight,,,,,,,,,,,,,False,,,,,,,1787147400,218.10577808867342
2026-08-20 15:40:00+00:00,2026-08-20 21:10:00+05:30,30m,NVDAXUSD,long,0.2,215.8809,215.25,215.25,215.45,215.45,215.45,,0.11603620329542817,,,,,,,XSTOCK,NVDAXUSD|long|215.25000000|215.45000000,93,3d17304545b0850d,False,,,,,,,0,False,False,False,zone_not_touched,,,,,,,,,,,,,False,,,,,,,1787240400,215.45
2026-08-20 17:15:00+00:00,2026-08-20 22:45:00+05:30,30m,METAXUSD,long,0.2,543.2844,539.15,539.15,542.2,542.2,542.2,538.3874999999999,0.7031538177794381,,,,,,,XSTOCK,METAXUSD|long|539.15000000|542.20000000,94,84730acabeeadc58,True,2026-08-20 23:20:00+05:30,542.2,546.0125000000002,549.8250000000003,2026-08-21 05:15:00+05:30,547.25,72,True,True,False,+1R,+1R,1.324590163934375,1.2071194229507718,1.7836065573769841,0.27540983606558345,2026-08-21 01:00:00+05:30,2026-08-21 01:15:00+05:30,,,2026-08-21 05:20:00+05:30,21600.0,6900.0,False,,body,0.11747074098360308,1.3442608163933965,,,1787246100,542.2
2026-08-21 11:35:00+00:00,2026-08-21 17:05:00+05:30,30m,NVDAXUSD,short,0.2,218.4123,219.8,218.85,219.8,218.85,218.85,,0.5426090929860765,,,,,,,XSTOCK,NVDAXUSD|short|218.85000000|219.80000000,98,d9ba3d1cf4e69e4c,False,,,,,,,0,False,False,False,zone_not_touched,,,,,,,,,,,,,False,,,,,,,1787312100,218.85
2026-08-21 14:55:00+00:00,2026-08-21 20:25:00+05:30,30m,SOXLBUSD,long,0.2,117.13380000000001,116.15,116.15,116.9,116.9,116.9,,0.80196749358426,,,,,,,XSTOCK,SOXLBUSD|long|116.15000000|116.90000000,102,5ca35c4dfb4a0310,False,,,,,,,0,False,False,False,zone_not_touched,,,,,,,,,,,,,False,,,,,,,1787324100,116.9
2026-08-22 14:00:00+00:00,2026-08-22 19:30:00+05:30,30m,METAXUSD,short,0.2,550.896,555.1,552.0,555.1,552.0,552.0,,0.7019927536231884,,,,,,,XSTOCK,METAXUSD|short|552.00000000|555.10000000,106,d59c24bbdea715c2,False,,,,,,,0,False,False,False,zone_not_touched,,,,,,,,,,,,,False,,,,,,,1787407200,552.0
2026-08-22 18:40:00+00:00,2026-08-23 00:10:00+05:30,30m,NVDAXUSD,short,0.2,215.61235563748434,216.05,216.0444445265374,216.05,216.0444445265374,216.0444445265374,,0.0032143116864178783,,,,,,,XSTOCK,NVDAXUSD|short|216.04444453|216.05000000,107,90eb17ada3832383,False,,,,,,,0,False,False,False,stop_too_tight,,,,,,,,,,,,,False,,,,,,,1787424000,216.0444445265374
2026-08-23 02:30:00+00:00,2026-08-23 08:00:00+05:30,30m,METAXUSD,short,0.2,550.896,555.1,552.0,555.1,552.0,552.0,555.875,0.7019927536231884,,,,,,,XSTOCK,METAXUSD|short|552.00000000|555.10000000,108,296bb3ecaf6b12f4,True,2026-08-23 08:20:00+05:30,552.0,548.125,544.25,2026-08-23 14:15:00+05:30,553.4,72,False,False,False,Neither,Neither,-0.3612903225806393,-0.47895535483870383,0.20645161290321407,0.3612903225806393,,,,,2026-08-23 14:20:00+05:30,21600.0,,False,,body,0.11766503225806453,-0.47895535483870383,,,1787452200,552.0
2026-08-23 04:05:00+00:00,2026-08-23 09:35:00+05:30,30m,METAXUSD,long,0.2,551.8014000000001,548.25,548.25,550.7,550.7,550.7,,0.5561104049391683,,,,,,,XSTOCK,METAXUSD|long|548.25000000|550.70000000,110,af3701014e44d3e7,False,,,,,,,0,False,False,False,zone_not_touched,,,,,,,,,,,,,False,,,,,,,1787457900,550.7
2026-08-23 13:00:00+00:00,2026-08-23 18:30:00+05:30,30m,TSLAXUSD,short,0.2,363.4217,364.25,364.15,364.25,364.15,364.15,,0.03432651379925855,,,,,,,XSTOCK,TSLAXUSD|short|364.15000000|364.25000000,115,873e8ac4b6a21d01,False,,,,,,,0,False,False,False,zone_not_touched,,,,,,,,,,,,,False,,,,,,,1787490000,364.15
2026-08-24 02:30:00+00:00,2026-08-24 08:00:00+05:30,30m,MRVL/USDT:USDT,long,0.2,232.89958944,230.59,230.59,232.43472,232.43472,232.43472,230.12882000000002,0.9920634920634833,,,,,,,XSTOCK,MRVL/USDT:USDT|long|230.59000000|232.43472000,121,02a1ce151cff5ade,True,2026-08-24 08:15:00+05:30,232.43472,234.74061999999998,237.04651999999996,2026-08-24 08:40:00+05:30,230.01375559000002,6,False,False,False,SL,SL,-1.0499000000000014,-1.1331608000000022,0.0,1.0558653887852985,,,,2026-08-24 08:40:00+05:30,2026-08-24 08:40:00+05:30,1500.0,,False,,body,0.08326080000000073,-1.1331608000000022,,,1787538600,232.43472
2026-08-26 11:35:00+00:00,2026-08-26 17:05:00+05:30,30m,TSLAXUSD,long,0.2,349.34729999999996,347.55,347.55,348.65,348.65,348.65,347.27500000000003,0.39437831636309856,,,,,,,XSTOCK,TSLAXUSD|long|347.55000000|348.65000000,137,74f60960322694bc,True,2026-08-26 18:05:00+05:30,348.65,350.0249999999999,351.39999999999986,2026-08-26 18:35:00+05:30,347.10136250000005,7,False,False,False,SL,SL,-1.1262818181818117,-1.335725381818184,0.3272727272727739,1.200000000000033,,,,2026-08-26 18:35:00+05:30,2026-08-26 18:35:00+05:30,1800.0,,False,,body,0.2094435636363723,-1.335725381818184,,,1787744100,348.65
2026-08-26 13:35:00+00:00,2026-08-26 19:05:00+05:30,30m,NVDAXUSD,long,0.2,211.10136,210.0,210.0,210.68,210.68,210.68,209.82999999999998,0.40345547750143473,,,,,,,XSTOCK,NVDAXUSD|long|210.00000000|210.68000000,139,9891e331317e4922,True,2026-08-26 19:50:00+05:30,210.68,211.53000000000003,212.38000000000005,2026-08-26 20:45:00+05:30,210.77112615778,12,True,False,False,BE,BE,0.10720724444705151,-0.09752414378823718,0.9647058823529073,0.682352941176467,2026-08-26 20:20:00+05:30,,,2026-08-26 20:45:00+05:30,2026-08-26 20:50:00+05:30,3600.0,1800.0,False,,body,0.2047313882352887,0.38568772941172447,,,1787751300,210.68
2026-08-27 07:15:00+00:00,2026-08-27 12:45:00+05:30,30m,NVDAXUSD,short,0.2,221.8554,222.8,222.3,222.8,222.3,222.3,222.925,0.2811515969410706,,,,,,,XSTOCK,NVDAXUSD|short|222.30000000|222.80000000,142,bf950b5de00a5ed8,True,2026-08-27 13:00:00+05:30,222.3,221.675,221.05,2026-08-27 13:20:00+05:30,222.20364039705,5,True,True,False,BE,BE,0.15417536472000393,-0.13961631527999613,1.2,0.0,2026-08-27 13:05:00+05:30,2026-08-27 13:05:00+05:30,,2026-08-27 13:20:00+05:30,2026-08-27 13:25:00+05:30,1500.0,300.0,False,,body,0.29379168000000006,0.478843319999991,,,1787814900,222.3
2026-08-27 18:45:00+00:00,2026-08-28 00:15:00+05:30,30m,TSLAXUSD,short,0.2,356.33590000000004,357.6,357.05,357.6,357.05,357.05,,0.19255006301638425,,,,,,,XSTOCK,TSLAXUSD|short|357.05000000|357.60000000,148,3508d99aeda5573a,False,,,,,,,0,False,False,False,zone_not_touched,,,,,,,,,,,,,False,,,,,,,1787856300,357.05
2026-08-28 04:05:00+00:00,2026-08-28 09:35:00+05:30,30m,METAXUSD,long,0.2,572.3925,568.5,568.5,571.25,571.25,571.25,,0.6017505470459519,,,,,,,XSTOCK,METAXUSD|long|568.50000000|571.25000000,149,920aa296239e2cb3,False,,,,,,,0,False,False,False,zone_not_touched,,,,,,,,,,,,,False,,,,,,,1787889900,571.25
2026-08-28 13:25:00+00:00,2026-08-28 18:55:00+05:30,30m,METAXUSD,long,0.2,572.3925,568.5,568.5,571.25,571.25,571.25,,0.6017505470459519,,,,,,,XSTOCK,METAXUSD|long|568.50000000|571.25000000,153,1377c3652723760c,False,,,,,,,0,False,False,False,zone_not_touched,,,,,,,,,,,,,False,,,,,,,1787923500,571.25
2026-08-28 16:40:00+00:00,2026-08-28 22:10:00+05:30,30m,NVDAXUSD,long,0.2,219.939,219.05,219.05,219.5,219.5,219.5,218.9375,0.25626423690205014,,,,,,,XSTOCK,NVDAXUSD|long|219.05000000|219.50000000,156,fb5d4e3d91d266c6,True,2026-08-28 22:30:00+05:30,219.5,220.0625,220.625,2026-08-28 22:30:00+05:30,218.82803125,1,False,False,False,SL,SL,-1.1946111111110946,-1.5169346666666501,0.0,1.3333333333333333,,,,2026-08-28 22:30:00+05:30,2026-08-28 22:30:00+05:30,0.0,,False,,body,0.32232355555555553,-1.5169346666666501,,,1787935200,219.5
2026-08-30 02:30:00+00:00,2026-08-30 08:00:00+05:30,30m,NVDAXUSD,long,0.2,218.8869,218.4,218.4,218.45,218.45,218.45,,0.028610666056292783,,,,,,,XSTOCK,NVDAXUSD|long|218.40000000|218.45000000,159,e6b5c0a66b1b0fca,False,,,,,,,0,False,False,False,zone_not_touched,,,,,,,,,,,,,False,,,,,,,1788057000,218.45
2026-08-30 04:35:00+00:00,2026-08-30 10:05:00+05:30,30m,MRVL/USDT:USDT,short,0.2,217.55093329390786,218.0,217.98690710812411,218.0,217.98690710812411,217.98690710812411,,0.007507843045242643,,,,,,,XSTOCK,MRVL/USDT:USDT|short|217.98690711|218.00000000,160,deb0a6eeb3c9898b,False,,,,,,,0,False,False,False,zone_not_touched,,,,,,,,,,,,,False,,,,,,,1788064500,217.98690710812411
2026-08-31 05:25:00+00:00,2026-08-31 10:55:00+05:30,30m,SOXLBUSD,short,0.2,113.17320000000001,113.55,113.4,113.55,113.4,113.4,113.58749999999999,0.1653439153439028,,,,,,,XSTOCK,SOXLBUSD|short|113.40000000|113.55000000,167,69c9e8247d1222b1,True,2026-08-31 11:35:00+05:30,113.4,113.21250000000002,113.02500000000003,2026-08-31 11:35:00+05:30,113.64429374999999,1,False,False,False,SL,SL,-1.3029000000000075,-1.8024648000000454,0.0,4.266666666666975,,,,2026-08-31 11:35:00+05:30,2026-08-31 11:35:00+05:30,0.0,,False,,body,0.49956480000003795,-1.8024648000000454,,,1788153900,113.4
2026-08-31 19:10:00+00:00,2026-09-01 00:40:00+05:30,30m,SNDKBUSD,long,0.2,1454.4531,1449.09,1449.09,1451.55,1451.55,1451.55,,0.21184251317557407,,,,,,,XSTOCK,SNDKBUSD|long|1449.09000000|1451.55000000,176,0e77187baf8a8fc3,False,,,,,,,0,False,False,False,zone_not_touched,,,,,,,,,,,,,False,,,,,,,1788203400,1451.55
2026-09-01 07:40:00+00:00,2026-09-01 13:10:00+05:30,30m,METAXUSD,long,0.2,572.643,570.45,570.45,571.5,571.5,571.5,570.1875,0.22965879265091863,,,,,,,XSTOCK,METAXUSD|long|570.45000000|571.50000000,178,84c69baa72f0ed9b,True,2026-09-01 13:45:00+05:30,571.5,572.8125,574.125,2026-09-01 13:55:00+05:30,569.90240625,3,False,False,False,SL,SL,-1.217214285714276,-1.576878285714276,0.0,2.5142857142856796,,,,2026-09-01 13:55:00+05:30,2026-09-01 13:55:00+05:30,600.0,,False,,body,0.35966400000000004,-1.576878285714276,,,1788248400,571.5
2026-09-01 08:35:00+00:00,2026-09-01 14:05:00+05:30,30m,MRVL/USDT:USDT,long,0.2,208.72990656,206.66,206.66,208.31328,208.31328,208.31328,206.24668,0.9920634920634892,,,,,,,XSTOCK,MRVL/USDT:USDT|long|206.66000000|208.31328000,179,cdd3ac1bfc9a77c6,True,2026-09-01 14:10:00+05:30,208.31328,210.37987999999999,212.44647999999998,2026-09-01 14:30:00+05:30,206.14355666,5,False,False,False,SL,SL,-1.0498999999999983,-1.1331607999999984,0.0,1.0612987515726282,,,,2026-09-01 14:30:00+05:30,2026-09-01 14:30:00+05:30,1200.0,,False,,body,0.08326080000000025,-1.1331607999999984,,,1788251700,208.31328
2026-09-02 08:50:00+00:00,2026-09-02 14:20:00+05:30,30m,NVDAXUSD,long,0.2,216.933,215.05,215.05,216.5,216.5,216.5,214.6875,0.8371824480369515,,,,,,,XSTOCK,NVDAXUSD|long|215.05000000|216.50000000,194,0c51f6180064a0b3,True,2026-09-02 15:15:00+05:30,216.5,218.3125,220.125,2026-09-02 19:25:00+05:30,220.125,51,True,True,True,+2R,+2R,2.0,1.901335724137931,2.703448275862072,0.13793103448275862,2026-09-02 17:30:00+05:30,2026-09-02 17:40:00+05:30,2026-09-02 19:25:00+05:30,,2026-09-02 19:25:00+05:30,15000.0,15000.0,False,,body,0.09866427586206897,0.7497779655172376,,,1788339000,216.5
2026-09-03 13:45:00+00:00,2026-09-03 19:15:00+05:30,30m,MRVL/USDT:USDT,short,0.2,207.57402000000002,208.24,207.99,208.24,207.99,207.99,,0.1502476080580797,,,,,,,XSTOCK,MRVL/USDT:USDT|short|207.99000000|208.24000000,209,95fc4645247d970e,False,,,,,,,0,False,False,False,stop_too_tight,,,,,,,,,,,,,False,,,,,,,1788443100,207.99
2026-09-06 05:40:00+00:00,2026-09-06 11:10:00+05:30,30m,METAXUSD,short,0.2,616.4443361412683,617.7,617.679695532333,617.7,617.679695532333,617.679695532333,,0.004109020381838199,,,,,,,XSTOCK,METAXUSD|short|617.67969553|617.70000000,223,1f7617d48a71aacb,False,,,,,,,0,False,False,False,zone_not_touched,,,,,,,,,,,,,False,,,,,,,1788673200,617.679695532333
2026-09-07 02:30:00+00:00,2026-09-07 08:00:00+05:30,30m,NVDAXUSD,short,0.2,231.0869,231.6,231.55,231.6,231.55,231.55,,0.026992010364919702,,,,,,,XSTOCK,NVDAXUSD|short|231.55000000|231.60000000,233,104f9743076e1e6f,False,,,,,,,0,False,False,False,stop_too_tight,,,,,,,,,,,,,False,,,,,,,1788748200,231.55
2026-09-07 02:30:00+00:00,2026-09-07 08:00:00+05:30,30m,TSLAXUSD,long,0.2,356.36129999999997,355.6,355.6,355.65,355.65,355.65,,0.017573457050454985,,,,,,,XSTOCK,TSLAXUSD|long|355.60000000|355.65000000,232,142cc6f4420395c5,False,,,,,,,0,False,False,False,zone_not_touched,,,,,,,,,,,,,False,,,,,,,1788748200,355.65
2026-09-07 08:35:00+00:00,2026-09-07 14:05:00+05:30,30m,METAXUSD,short,0.2,614.3688000000001,615.65,615.6,615.65,615.6,615.6,,0.01015269655618686,,,,,,,XSTOCK,METAXUSD|short|615.60000000|615.65000000,238,7d919931fd59290b,False,,,,,,,0,False,False,False,zone_not_touched,,,,,,,,,,,,,False,,,,,,,1788770100,615.6
2026-09-07 16:35:00+00:00,2026-09-07 22:05:00+05:30,30m,METAXUSD,short,0.2,614.3688000000001,615.65,615.6,615.65,615.6,615.6,,0.01015269655618686,,,,,,,XSTOCK,METAXUSD|short|615.60000000|615.65000000,240,439a3881ed14d183,False,,,,,,,0,False,False,False,zone_not_touched,,,,,,,,,,,,,False,,,,,,,1788798900,615.6
2026-09-08 06:00:00+00:00,2026-09-08 11:30:00+05:30,30m,SNDKBUSD,long,0.2,1771.6863,1762.0,1762.0,1768.15,1768.15,1768.15,1760.4625,0.43477646127308195,,,,,,,XSTOCK,SNDKBUSD|long|1762.00000000|1768.15000000,244,6ad125d7279a956a,True,2026-09-08 11:35:00+05:30,1768.15,1775.8375,1783.525,2026-09-08 11:40:00+05:30,1759.5822687500001,2,False,False,False,SL,SL,-1.114501626016254,-1.3044843121951157,0.0,1.9889430894309192,,,,2026-09-08 11:40:00+05:30,2026-09-08 11:40:00+05:30,300.0,,False,,body,0.1899826861788618,-1.3044843121951157,,,1788847200,1768.15
2026-09-08 06:10:00+00:00,2026-09-08 11:40:00+05:30,30m,TSLAXUSD,long,0.2,355.50960000000003,354.2,354.2,354.8,354.8,354.8,,0.21138669673056842,,,,,,,XSTOCK,TSLAXUSD|long|354.20000000|354.80000000,246,1ec2064b59187cce,False,,,,,,,0,False,False,False,zone_not_touched,,,,,,,,,,,,,False,,,,,,,1788847800,354.8
2026-09-08 08:30:00+00:00,2026-09-08 14:00:00+05:30,30m,METAXUSD,long,0.2,610.3182,606.18,606.18,609.1,609.1,609.1,,0.5992447873912479,,,,,,,XSTOCK,METAXUSD|long|606.18000000|609.10000000,248,5a48f311525e90e9,False,,,,,,,0,False,False,False,zone_not_touched,,,,,,,,,,,,,False,,,,,,,1788856200,609.1
2026-09-08 09:00:00+00:00,2026-09-08 14:30:00+05:30,30m,NVDAXUSD,long,0.2,230.3097,229.55,229.55,229.85,229.85,229.85,,0.16314988035674205,,,,,,,XSTOCK,NVDAXUSD|long|229.55000000|229.85000000,249,b27230b4fa21e5f4,False,,,,,,,0,False,False,False,zone_not_touched,,,,,,,,,,,,,False,,,,,,,1788858000,229.85
2026-09-08 13:05:00+00:00,2026-09-08 18:35:00+05:30,30m,MRVL/USDT:USDT,long,0.2,220.90711207061125,220.46,220.46,220.46617971118886,220.46617971118886,220.46617971118886,,0.0035037750443931977,,,,,,,XSTOCK,MRVL/USDT:USDT|long|220.46000000|220.46617971,253,63965016316f90c1,False,,,,,,,0,False,False,False,zone_not_touched,,,,,,,,,,,,,False,,,,,,,1788872700,220.46617971118886
2026-09-09 07:35:00+00:00,2026-09-09 13:05:00+05:30,30m,TSLAXUSD,short,0.2,368.7111,370.45,369.45,370.45,369.45,369.45,370.7,0.3383407768304236,,,,,,,XSTOCK,TSLAXUSD|short|369.45000000|370.45000000,254,285b34503c1cd14f,True,2026-09-09 13:30:00+05:30,369.45,368.2,366.95,2026-09-09 13:30:00+05:30,370.88535,1,False,False,False,SL,SL,-1.1482800000000224,-1.3924125600000223,0.0,2.040000000000009,,,,2026-09-09 13:30:00+05:30,2026-09-09 13:30:00+05:30,0.0,,False,,body,0.24413256000000003,-1.3924125600000223,,,1788939300,369.45
2026-09-09 08:45:00+00:00,2026-09-09 14:15:00+05:30,30m,METAXUSD,short,0.2,620.756,625.4,622.0,625.4,622.0,622.0,626.25,0.6832797427652734,,,,,,,XSTOCK,METAXUSD|short|622.00000000|625.40000000,255,5c37747f5a336e9c,True,2026-09-09 14:20:00+05:30,622.0,617.75,613.5,2026-09-09 15:30:00+05:30,626.563125,15,False,False,False,SL,SL,-1.0736764705882385,-1.194564000000003,0.0,1.670588235294123,,,,2026-09-09 15:30:00+05:30,2026-09-09 15:30:00+05:30,4200.0,,False,,body,0.12088752941176471,-1.194564000000003,,,1788943500,622.0
2026-09-09 09:45:00+00:00,2026-09-09 15:15:00+05:30,30m,NVDAXUSD,long,0.2,225.45575833723308,225.0,225.0,225.00574684354598,225.00574684354598,225.00574684354598,,0.0031926093147538652,,,,,,,XSTOCK,NVDAXUSD|long|225.00000000|225.00574684,258,f821de27c4c2754a,False,,,,,,,0,False,False,False,stop_too_tight,,,,,,,,,,,,,False,,,,,,,1788947100,225.00574684354598
2026-09-10 11:00:00+00:00,2026-09-10 16:30:00+05:30,30m,SNDKBUSD,long,0.2,1740.3738,1736.57,1736.57,1736.9,1736.9,1736.9,,0.023749208359729195,,,,,,,XSTOCK,SNDKBUSD|long|1736.57000000|1736.90000000,263,192d0bd9b512ffef,False,,,,,,,0,False,False,False,stop_too_tight,,,,,,,,,,,,,False,,,,,,,1789038000,1736.9
2026-09-10 11:30:00+00:00,2026-09-10 17:00:00+05:30,30m,NVDAXUSD,long,0.2,222.945,222.35,222.35,222.5,222.5,222.5,,0.08426966292134831,,,,,,,XSTOCK,NVDAXUSD|long|222.35000000|222.50000000,265,9b117ba4eda82dfa,False,,,,,,,0,False,False,False,stop_too_tight,,,,,,,,,,,,,False,,,,,,,1789039800,222.5
2026-09-10 12:00:00+00:00,2026-09-10 17:30:00+05:30,30m,SOXLBUSD,long,0.2,119.2881,118.6,118.6,119.05,119.05,119.05,118.4875,0.47249055018899627,,,,,,,XSTOCK,SOXLBUSD|long|118.60000000|119.05000000,266,f6ee4495818ef9e1,True,2026-09-10 17:35:00+05:30,119.05,119.6125,120.175,2026-09-10 17:50:00+05:30,118.42825625,4,False,False,False,SL,SL,-1.10532222222221,-1.2801405333333213,0.0,1.688888888888894,,,,2026-09-10 17:50:00+05:30,2026-09-10 17:50:00+05:30,900.0,,False,,body,0.17481831111111112,-1.2801405333333213,,,1789041600,119.05
2026-09-11 12:40:00+00:00,2026-09-11 18:10:00+05:30,30m,MRVL/USDT:USDT,short,0.2,232.42422,234.54,232.89,234.54,232.89,232.89,234.9525,0.8856112327708362,,,,,,,XSTOCK,MRVL/USDT:USDT|short|232.89000000|234.54000000,271,33d7967eb053e955,True,2026-09-11 18:30:00+05:30,232.89,230.8275,228.765,2026-09-11 19:10:00+05:30,232.78904998681497,9,True,True,False,BE,BE,0.048945460938188204,-0.04432345542544816,1.5854545454545366,2.162424242424246,2026-09-11 19:05:00+05:30,2026-09-11 19:05:00+05:30,,2026-09-11 19:10:00+05:30,2026-09-11 19:15:00+05:30,2700.0,2100.0,False,,body,0.09326891636363636,1.186395174545445,,,1789130400,232.89
2026-09-11 19:30:00+00:00,2026-09-12 01:00:00+05:30,30m,NVDAXUSD,long,0.2,218.51616,217.85,217.85,218.08,218.08,218.08,,0.13183235509905664,,,,,,,XSTOCK,NVDAXUSD|long|217.85000000|218.08000000,275,1a94f8638607b91b,False,,,,,,,0,False,False,False,zone_not_touched,,,,,,,,,,,,,False,,,,,,,1789155000,218.08
2026-09-12 08:00:00+00:00,2026-09-12 13:30:00+05:30,30m,METAXUSD,long,0.2,648.7213558805588,647.4,647.4,647.4265028748092,647.4265028748092,647.4265028748092,,0.005116965920379021,,,,,,,XSTOCK,METAXUSD|long|647.40000000|647.42650287,277,605ac749d95752ec,False,,,,,,,0,False,False,False,zone_not_touched,,,,,,,,,,,,,False,,,,,,,1789200000,647.4265028748092
2026-09-13 09:25:00+00:00,2026-09-13 14:55:00+05:30,30m,SNDKBUSD,long,0.2,1576.05582,1561.0,1561.0,1572.91,1572.91,1572.91,1558.0225,0.9464940778556971,,,,,,,XSTOCK,SNDKBUSD|long|1561.00000000|1572.91000000,286,97d0115062ea7ec4,True,2026-09-13 15:00:00+05:30,1572.91,1587.7975000000001,1602.6850000000002,2026-09-13 17:30:00+05:30,1573.590336267485,31,True,False,False,BE,BE,0.04569848983946369,-0.04157094156271908,0.8114189756507063,0.011418975650718538,2026-09-13 15:05:00+05:30,,,2026-09-13 17:30:00+05:30,2026-09-13 17:35:00+05:30,9300.0,300.0,False,,body,0.08726943140218277,0.42104230243492713,,,1789291500,1572.91
2026-09-13 12:25:00+00:00,2026-09-13 17:55:00+05:30,30m,METAXUSD,long,0.2,643.1623674675062,641.85,641.85,641.8786102470121,641.8786102470121,641.8786102470121,,0.005571584438905384,,,,,,,XSTOCK,METAXUSD|long|641.85000000|641.87861025,287,7645fa24e0d0a2f6,False,,,,,,,0,False,False,False,zone_not_touched,,,,,,,,,,,,,False,,,,,,,1789302300,641.8786102470121
2026-09-15 13:05:00+00:00,2026-09-15 18:35:00+05:30,30m,MRVL/USDT:USDT,short,0.2,222.17555052153796,222.63,222.62079210574944,222.63,222.62079210574944,222.62079210574944,,0.005170167487189157,,,,,,,XSTOCK,MRVL/USDT:USDT|short|222.62079211|222.63000000,297,619937121efb2863,False,,,,,,,0,False,False,False,stop_too_tight,,,,,,,,,,,,,False,,,,,,,1789477500,222.62079210574944
2026-09-15 13:10:00+00:00,2026-09-15 18:40:00+05:30,30m,TSLAXUSD,short,0.2,360.1782,361.15,360.9,361.15,360.9,360.9,,0.08658908284843447,,,,,,,XSTOCK,TSLAXUSD|short|360.90000000|361.15000000,298,f73540742819a8ec,False,,,,,,,0,False,False,False,stop_too_tight,,,,,,,,,,,,,False,,,,,,,1789477800,360.9
2026-09-16 06:10:00+00:00,2026-09-16 11:40:00+05:30,30m,SOXLBUSD,short,0.2,105.77802,106.15,105.99,106.15,105.99,105.99,106.19000000000001,0.18869704689123226,,,,,,,XSTOCK,SOXLBUSD|short|105.99000000|106.15000000,303,c8838dcf74fa2a4c,True,2026-09-16 12:30:00+05:30,105.99,105.78999999999998,105.58999999999996,2026-09-16 12:30:00+05:30,106.24309500000001,1,False,False,False,SL,SL,-1.2654749999999724,-1.7032136999999352,0.0,2.2999999999998435,,,,2026-09-16 12:30:00+05:30,2026-09-16 12:30:00+05:30,0.0,,False,,body,0.43773869999996273,-1.7032136999999352,,,1789539000,105.99
2026-09-16 19:05:00+00:00,2026-09-17 00:35:00+05:30,30m,SNDKBUSD,long,0.2,1520.14422,1506.45,1506.45,1517.11,1517.11,1517.11,1503.785,0.8783146904311367,,,,,,,XSTOCK,SNDKBUSD|long|1506.45000000|1517.11000000,309,62a90a3a60ecc027,True,2026-09-17 00:40:00+05:30,1517.11,1530.4349999999997,1543.7599999999995,2026-09-17 01:25:00+05:30,1517.766200898185,10,True,False,False,BE,BE,0.04924584601763925,-0.044797895821011194,0.9178236397748731,0.7939962476547896,2026-09-17 01:00:00+05:30,,,2026-09-17 01:25:00+05:30,2026-09-17 01:30:00+05:30,3000.0,1200.0,False,,body,0.09404374183865044,0.5045172806754439,,,1789585500,1517.11
2026-09-18 03:45:00+00:00,2026-09-18 09:15:00+05:30,30m,SOXLBUSD,short,0.2,115.269,115.75,115.5,115.75,115.5,115.5,115.8125,0.27056277056277056,,,,,,,XSTOCK,SOXLBUSD|short|115.50000000|115.75000000,324,ec3c8c9c3eca3779,True,2026-09-18 10:00:00+05:30,115.5,115.1875,114.875,2026-09-18 10:20:00+05:30,115.87040625,5,False,False,False,SL,SL,-1.1853000000000065,-1.4905896000000065,0.1599999999999909,2.240000000000009,,,,2026-09-18 10:20:00+05:30,2026-09-18 10:20:00+05:30,1200.0,,False,,body,0.3052896,-1.4905896000000065,,,1789703100,115.5
2026-09-18 04:10:00+00:00,2026-09-18 09:40:00+05:30,30m,SNDKBUSD,short,0.2,1631.427321506405,1634.76,1634.6967149362774,1634.76,1634.6967149362774,1634.6967149362774,,0.004839205274610843,,,,,,,XSTOCK,SNDKBUSD|short|1634.69671494|1634.76000000,325,2a8eb0c9b94373e4,False,,,,,,,0,False,False,False,stop_too_tight,,,,,,,,,,,,,False,,,,,,,1789704600,1634.6967149362774
2026-09-18 13:40:00+00:00,2026-09-18 19:10:00+05:30,30m,TSLAXUSD,short,0.2,371.10630000000003,374.8,371.85,374.8,371.85,371.85,,0.9916633050961408,,,,,,,XSTOCK,TSLAXUSD|short|371.85000000|374.80000000,327,224a46f8afc21827,False,,,,,,,0,False,False,False,zone_not_touched,,,,,,,,,,,,,False,,,,,,,1789738800,371.85
2026-09-19 08:10:00+00:00,2026-09-19 13:40:00+05:30,30m,NVDAXUSD,short,0.2,222.0051,222.65,222.45,222.65,222.45,222.45,,0.11238480557429914,,,,,,,XSTOCK,NVDAXUSD|short|222.45000000|222.65000000,331,80ef3e18638643d7,False,,,,,,,0,False,False,False,zone_not_touched,,,,,,,,,,,,,False,,,,,,,1789805400,222.45
2026-09-20 03:05:00+00:00,2026-09-20 08:35:00+05:30,30m,METAXUSD,long,0.2,671.34,669.9,669.9,670.0,670.0,670.0,,0.01865671641791045,,,,,,,XSTOCK,METAXUSD|long|669.90000000|670.00000000,340,646c8a93fd2147a0,False,,,,,,,0,False,False,False,stop_too_tight,,,,,,,,,,,,,False,,,,,,,1789873500,670.0
2026-09-21 08:05:00+00:00,2026-09-21 13:35:00+05:30,30m,TSLAXUSD,short,0.2,369.759,371.6,370.5,371.6,370.5,370.5,371.875,0.37112010796221323,,,,,,,XSTOCK,TSLAXUSD|short|370.50000000|371.60000000,349,d236343455014de2,True,2026-09-21 14:35:00+05:30,370.5,369.125,367.75,2026-09-21 17:10:00+05:30,370.33940066174995,32,True,False,False,BE,BE,0.11679951872731015,-0.1057699358181444,0.6909090909090826,0.5454545454545454,2026-09-21 16:30:00+05:30,,,2026-09-21 17:10:00+05:30,2026-09-21 17:15:00+05:30,9600.0,6900.0,False,,body,0.22256945454545454,0.08383281818182439,,,1789977900,370.5
2026-09-23 09:20:00+00:00,2026-09-23 14:50:00+05:30,30m,NVDAXUSD,short,0.2,229.2406,229.9,229.7,229.9,229.7,229.7,,0.10883761427950737,,,,,,,XSTOCK,NVDAXUSD|short|229.70000000|229.90000000,358,0f800f25febf59d1,False,,,,,,,0,False,False,False,zone_not_touched,,,,,,,,,,,,,False,,,,,,,1790155200,229.7
2026-09-24 06:55:00+00:00,2026-09-24 12:25:00+05:30,30m,SOXLBUSD,long,0.2,141.0816,140.0,140.0,140.8,140.8,140.8,139.8,0.7102272727272727,,,,,,,XSTOCK,SOXLBUSD|long|140.00000000|140.80000000,365,b644080a13841766,True,2026-09-24 12:30:00+05:30,140.8,141.8,142.8,2026-09-24 13:05:00+05:30,142.8,8,True,True,True,+2R,+2R,2.0,1.8836992,2.0999999999999943,0.4000000000000057,2026-09-24 12:35:00+05:30,2026-09-24 12:40:00+05:30,2026-09-24 13:05:00+05:30,,2026-09-24 13:05:00+05:30,2100.0,2100.0,False,,body,0.11630080000000001,0.6628741999999809,,,1790232900,140.8
2026-09-25 05:50:00+00:00,2026-09-25 11:20:00+05:30,30m,NVDAXUSD,short,0.2,224.9445918589709,225.4,225.39538262421934,225.4,225.39538262421934,225.39538262421934,,0.0025607089456003234,,,,,,,XSTOCK,NVDAXUSD|short|225.39538262|225.40000000,372,51dd2da931fa5221,False,,,,,,,0,False,False,False,stop_too_tight,,,,,,,,,,,,,False,,,,,,,1790315400,225.39538262421934
2026-09-25 06:15:00+00:00,2026-09-25 11:45:00+05:30,30m,SNDKBUSD,short,0.2,1787.7373599999999,1805.65,1791.32,1805.65,1791.32,1791.32,,0.9999609226715571,,,,,,,XSTOCK,SNDKBUSD|short|1791.32000000|1805.65000000,374,80990d6fb489959c,False,,,,,,,0,False,False,False,zone_not_touched,,,,,,,,,,,,,False,,,,,,,1790316900,1791.32
2026-09-25 14:35:00+00:00,2026-09-25 20:05:00+05:30,30m,TSLAXUSD,long,0.2,370.3392,369.55,369.55,369.6,369.6,369.6,,0.01691017316017316,,,,,,,XSTOCK,TSLAXUSD|long|369.55000000|369.60000000,381,bb849a06ae265d45,False,,,,,,,0,False,False,False,stop_too_tight,,,,,,,,,,,,,False,,,,,,,1790346900,369.6
2026-09-26 02:30:00+00:00,2026-09-26 08:00:00+05:30,30m,TSLAXUSD,long,0.2,371.9925,368.5,368.5,371.25,371.25,371.25,,0.9259259259259258,,,,,,,XSTOCK,TSLAXUSD|long|368.50000000|371.25000000,382,e3323d8fd2d10587,False,,,,,,,0,False,False,False,zone_not_touched,,,,,,,,,,,,,False,,,,,,,1790389800,371.25
2026-09-28 06:15:00+00:00,2026-09-28 11:45:00+05:30,30m,NVDAXUSD,long,0.2,223.60148054223598,223.15,223.15,223.1551702018323,223.1551702018323,223.1551702018323,,0.002896080016673527,,,,,,,XSTOCK,NVDAXUSD|long|223.15000000|223.15517020,391,c13681008ac68164,False,,,,,,,0,False,False,False,stop_too_tight,,,,,,,,,,,,,False,,,,,,,1790576100,223.1551702018323
2026-09-28 07:10:00+00:00,2026-09-28 12:40:00+05:30,30m,TSLAXUSD,long,0.2,371.9925,368.5,368.5,371.25,371.25,371.25,367.8125,0.9259259259259258,,,,,,,XSTOCK,TSLAXUSD|long|368.50000000|371.25000000,392,d3ec6ad02f102f3d,True,2026-09-28 12:45:00+05:30,371.25,374.6875,378.125,2026-09-28 18:40:00+05:30,371.2,72,False,False,False,Neither,Neither,-0.014545454545457854,-0.10375345454545787,0.1309090909090876,0.7272727272727273,,,,,2026-09-28 18:45:00+05:30,21600.0,,False,,body,0.08920800000000001,-0.10375345454545787,,,1790579400,371.25
2026-09-28 14:45:00+00:00,2026-09-28 20:15:00+05:30,30m,MRVL/USDT:USDT,long,0.2,248.8174416,246.35,246.35,248.3208,248.3208,248.3208,,0.9920634920634849,,,,,,,XSTOCK,MRVL/USDT:USDT|long|246.35000000|248.32080000,396,0f1bbd65f8f3ce7b,False,,,,,,,0,False,False,False,zone_not_touched,,,,,,,,,,,,,False,,,,,,,1790606700,248.3208
2026-09-29 05:30:00+00:00,2026-09-29 11:00:00+05:30,30m,TSLAXUSD,long,0.2,357.0627,355.0,355.0,356.35,356.35,356.35,,0.4735512838501473,,,,,,,XSTOCK,TSLAXUSD|long|355.00000000|356.35000000,398,43d666b13594739d,False,,,,,,,0,False,False,False,zone_not_touched,,,,,,,,,,,,,False,,,,,,,1790659800,356.35
2026-09-29 19:05:00+00:00,2026-09-30 00:35:00+05:30,30m,MRVL/USDT:USDT,short,0.2,264.01730377783076,264.55,264.5463965709727,264.55,264.5463965709727,264.5463965709727,,0.0017026451096945133,,,,,,,XSTOCK,MRVL/USDT:USDT|short|264.54639657|264.55000000,404,1f6aba9ca7b1025a,False,,,,,,,0,False,False,False,zone_not_touched,,,,,,,,,,,,,False,,,,,,,1790708700,264.5463965709727
2026-09-30 11:00:00+00:00,2026-09-30 16:30:00+05:30,30m,NVDAXUSD,long,0.2,227.71151138667656,227.25,227.25,227.25699739189278,227.25699739189278,227.25699739189278,,0.0038488319243700385,,,,,,,XSTOCK,NVDAXUSD|long|227.25000000|227.25699739,406,d5bfb1f92e0eed68,False,,,,,,,0,False,False,False,zone_not_touched,,,,,,,,,,,,,False,,,,,,,1790766000,227.25699739189278
2026-10-01 04:50:00+00:00,2026-10-01 10:20:00+05:30,30m,SOXLBUSD,short,0.2,155.2389,156.05,155.55,156.05,155.55,155.55,156.175,0.40180006428801024,,,,,,,XSTOCK,SOXLBUSD|short|155.55000000|156.05000000,414,1e389eaca85ba969,True,2026-10-01 10:25:00+05:30,155.55,154.925,154.3,2026-10-01 10:30:00+05:30,156.25308750000002,2,False,False,False,SL,SL,-1.1249400000000152,-1.3305148800000153,0.4800000000000182,1.4399999999999635,,,,2026-10-01 10:30:00+05:30,2026-10-01 10:30:00+05:30,300.0,,False,,body,0.20557488000000004,-1.3305148800000153,,,1790830200,155.55
2026-10-01 05:05:00+00:00,2026-10-01 10:35:00+05:30,30m,NVDAXUSD,short,0.2,230.96714,232.45,231.43,232.45,231.43,231.43,232.70499999999998,0.550922525169588,,,,,,,XSTOCK,NVDAXUSD|short|231.43000000|232.45000000,416,d1ff5e33aa0351b4,True,2026-10-01 11:25:00+05:30,231.43,230.15500000000003,228.88000000000005,2026-10-01 17:20:00+05:30,230.25,72,True,True,False,+1R,+1R,0.9254901960784532,0.7755598588235485,1.4352941176470941,0.525490196078431,2026-10-01 12:50:00+05:30,2026-10-01 13:10:00+05:30,,,2026-10-01 17:25:00+05:30,21600.0,6300.0,False,,body,0.14993033725490468,0.49007015294119705,,,1790831100,231.43
2026-10-01 07:15:00+00:00,2026-10-01 12:45:00+05:30,30m,METAXUSD,long,0.2,728.6043,724.0,724.0,727.15,727.15,727.15,723.2125,0.5414976277246786,,,,,,,XSTOCK,METAXUSD|long|724.00000000|727.15000000,418,a659ddcdbdf949bc,True,2026-10-01 12:55:00+05:30,727.15,731.0875,735.025,2026-10-01 15:35:00+05:30,722.85089375,33,False,False,False,SL,SL,-1.0918365079365138,-1.244376419047625,0.19047619047619047,1.028571428571417,,,,2026-10-01 15:35:00+05:30,2026-10-01 15:35:00+05:30,9600.0,,False,,body,0.15253991111111112,-1.244376419047625,,,1790838900,727.15
2026-10-02 08:00:00+00:00,2026-10-02 13:30:00+05:30,30m,TSLAXUSD,short,0.2,358.73109999999997,360.8,359.45,360.8,359.45,359.45,,0.46946724161915615,,,,,,,XSTOCK,TSLAXUSD|short|359.45000000|360.80000000,430,e02e7b6d044dccc5,False,,,,,,,0,False,False,False,zone_not_touched,,,,,,,,,,,,,False,,,,,,,1790928000,359.45
2026-10-02 12:30:00+00:00,2026-10-02 18:00:00+05:30,30m,NVDAXUSD,short,0.2,235.34186507936508,237.7,235.81349206349205,237.7,235.81349206349205,235.81349206349205,238.171626984127,1.0000000000000075,,,,,,,XSTOCK,NVDAXUSD|short|235.81349206|237.70000000,433,98faf2f754cfde4d,True,2026-10-02 18:05:00+05:30,235.81349206349205,233.4553571428571,231.09722222222217,2026-10-02 21:20:00+05:30,235.7112748144345,40,True,False,False,BE,BE,0.043346650000008244,-0.039253349999991125,0.6418174169120582,0.8424063946150655,2026-10-02 20:50:00+05:30,,,2026-10-02 21:20:00+05:30,2026-10-02 21:25:00+05:30,12000.0,9900.0,False,,body,0.08259999999999937,0.2594133256205162,,,1790944200,235.81349206349205
2026-10-02 14:10:00+00:00,2026-10-02 19:40:00+05:30,30m,TSLAXUSD,short,0.2,373.3518,375.0,374.1,375.0,374.1,374.1,375.225,0.30072173215717724,,,,,,,XSTOCK,TSLAXUSD|short|374.10000000|375.00000000,435,fbf7dc3b408f3c7a,True,2026-10-02 19:50:00+05:30,374.1,372.975,371.85,2026-10-02 20:00:00+05:30,371.85,3,True,True,True,+2R,+2R,2.0,1.7253274666666667,2.4000000000000403,0.6666666666666666,2026-10-02 20:00:00+05:30,2026-10-02 20:00:00+05:30,2026-10-02 20:00:00+05:30,,2026-10-02 20:00:00+05:30,600.0,600.0,False,,body,0.2746725333333334,1.7101358000000175,,,1790950200,374.1
2026-10-03 06:30:00+00:00,2026-10-03 12:00:00+05:30,30m,MRVL/USDT:USDT,long,0.2,272.5574240033029,272.0,272.0,272.0133972088851,272.0133972088851,272.0133972088851,,0.00615650231872913,,,,,,,XSTOCK,MRVL/USDT:USDT|long|272.00000000|272.01339721,436,e4a1f315c77a7022,False,,,,,,,0,False,False,False,zone_not_touched,,,,,,,,,,,,,False,,,,,,,1791009000,272.0133972088851
2026-10-03 13:05:00+00:00,2026-10-03 18:35:00+05:30,30m,MRVL/USDT:USDT,long,0.2,272.5574240033029,272.0,272.0,272.0133972088851,272.0133972088851,272.0133972088851,,0.00615650231872913,,,,,,,XSTOCK,MRVL/USDT:USDT|long|272.00000000|272.01339721,441,e6a4ec87ef2a4201,False,,,,,,,0,False,False,False,zone_not_touched,,,,,,,,,,,,,False,,,,,,,1791032700,272.0133972088851
2026-10-03 14:15:00+00:00,2026-10-03 19:45:00+05:30,30m,METAXUSD,long,0.2,728.9740842600152,727.5,727.5,727.5190461676798,727.5190461676798,727.5190461676798,,0.003272451728260272,,,,,,,XSTOCK,METAXUSD|long|727.50000000|727.51904617,442,4201bc4e5510100e,False,,,,,,,0,False,False,False,zone_not_touched,,,,,,,,,,,,,False,,,,,,,1791036900,727.5190461676798
2026-10-03 19:30:00+00:00,2026-10-04 01:00:00+05:30,30m,MRVL/USDT:USDT,short,0.2,272.50491541423736,273.06,273.05101744913566,273.06,273.05101744913566,273.05101744913566,,0.0041121211286231476,,,,,,,XSTOCK,MRVL/USDT:USDT|short|273.05101745|273.06000000,444,dc2c7c04b4af983a,False,,,,,,,0,False,False,False,zone_not_touched,,,,,,,,,,,,,False,,,,,,,1791055800,273.05101744913566
2026-10-04 11:00:00+00:00,2026-10-04 16:30:00+05:30,30m,METAXUSD,long,0.2,730.3077000000001,728.7,728.7,728.85,728.85,728.85,,0.025725457913150854,,,,,,,XSTOCK,METAXUSD|long|728.70000000|728.85000000,448,ba93e5a3604fc17c,False,,,,,,,0,False,False,False,zone_not_touched,,,,,,,,,,,,,False,,,,,,,1791111600,728.85
2026-10-04 13:45:00+00:00,2026-10-04 19:15:00+05:30,30m,TSLAXUSD,short,0.2,373.05240000000003,375.35,373.8,375.35,373.8,373.8,,0.5183253076511504,,,,,,,XSTOCK,TSLAXUSD|short|373.80000000|375.35000000,450,878f3fb5173ec3d6,False,,,,,,,0,False,False,False,zone_not_touched,,,,,,,,,,,,,False,,,,,,,1791121500,373.8
2026-10-04 14:00:00+00:00,2026-10-04 19:30:00+05:30,30m,NVDAXUSD,long,0.2,234.7185,234.15,234.15,234.25,234.25,234.25,,0.05336179295624333,,,,,,,XSTOCK,NVDAXUSD|long|234.15000000|234.25000000,451,5ccbb52c06597916,False,,,,,,,0,False,False,False,zone_not_touched,,,,,,,,,,,,,False,,,,,,,1791122400,234.25
2026-10-04 19:05:00+00:00,2026-10-05 00:35:00+05:30,30m,SOXLBUSD,long,0.2,163.8771,163.45,163.45,163.55,163.55,163.55,,0.07642922653624483,,,,,,,XSTOCK,SOXLBUSD|long|163.45000000|163.55000000,454,827be6a8244cc4f8,False,,,,,,,0,False,False,False,zone_not_touched,,,,,,,,,,,,,False,,,,,,,1791140700,163.55
2026-10-05 02:30:00+00:00,2026-10-05 08:00:00+05:30,30m,TSLAXUSD,short,0.2,373.05240000000003,375.35,373.8,375.35,373.8,373.8,,0.5183253076511504,,,,,,,XSTOCK,TSLAXUSD|short|373.80000000|375.35000000,455,fa2eb27cc1c9d718,False,,,,,,,0,False,False,False,zone_not_touched,,,,,,,,,,,,,False,,,,,,,1791167400,373.8
2026-10-05 12:20:00+00:00,2026-10-05 17:50:00+05:30,30m,MRVL/USDT:USDT,long,0.2,272.5574240033029,272.0,272.0,272.0133972088851,272.0133972088851,272.0133972088851,,0.00615650231872913,,,,,,,XSTOCK,MRVL/USDT:USDT|long|272.00000000|272.01339721,465,626be42338316c23,False,,,,,,,0,False,False,False,stop_too_tight,,,,,,,,,,,,,False,,,,,,,1791202800,272.0133972088851
2026-10-06 09:05:00+00:00,2026-10-06 14:35:00+05:30,30m,SNDKBUSD,long,0.2,1691.58642,1681.08,1681.08,1688.21,1688.21,1688.21,1679.2975,0.5279260281600118,,,,,,,XSTOCK,SNDKBUSD|long|1681.08000000|1688.21000000,475,121b9e3ac0e7654a,True,2026-10-06 14:40:00+05:30,1688.21,1697.1225000000002,1706.0350000000003,2026-10-06 17:20:00+05:30,1706.0350000000003,33,True,True,True,+2R,+2R,2.0,1.8435386861150094,2.110518934081308,0.18513323983170443,2026-10-06 15:40:00+05:30,2026-10-06 16:10:00+05:30,2026-10-06 17:20:00+05:30,,2026-10-06 17:20:00+05:30,9600.0,9600.0,False,,body,0.15646131388499063,0.6013472765778186,,,1791277500,1688.21
2026-10-07 09:15:00+00:00,2026-10-07 14:45:00+05:30,30m,SOXLBUSD,long,0.2,158.9673,158.3,158.3,158.65,158.65,158.65,158.2125,0.27576426095178064,,,,,,,XSTOCK,SOXLBUSD|long|158.30000000|158.65000000,480,c0ac854d012d5a7f,True,2026-10-07 14:50:00+05:30,158.65,159.0875,159.525,2026-10-07 15:10:00+05:30,158.718621439775,5,True,True,False,BE,BE,0.15684900520000156,-0.1426821947999985,1.7142857142857142,0.6857142857143117,2026-10-07 14:55:00+05:30,2026-10-07 14:55:00+05:30,,2026-10-07 15:10:00+05:30,2026-10-07 15:15:00+05:30,1500.0,300.0,False,,body,0.29953120000000005,0.6400223714285349,,,1791364500,158.65
2026-10-07 09:45:00+00:00,2026-10-07 15:15:00+05:30,30m,METAXUSD,long,0.2,741.5802,738.54,738.54,740.1,740.1,740.1,738.15,0.2634779083907641,,,,,,,XSTOCK,METAXUSD|long|738.54000000|740.10000000,481,2bd42bbebb7abf05,True,2026-10-07 16:05:00+05:30,740.1,742.0500000000001,744.0000000000001,2026-10-07 17:00:00+05:30,737.780925,12,False,False,False,SL,SL,-1.189269230769202,-1.5027679999999641,0.0,1.179487179487187,,,,2026-10-07 17:00:00+05:30,2026-10-07 17:00:00+05:30,3300.0,,False,,body,0.3134987692307619,-1.5027679999999641,,,1791366300,740.1
2026-10-08 10:25:00+00:00,2026-10-08 15:55:00+05:30,30m,METAXUSD,long,0.2,720.7887000000001,717.9,717.9,719.35,719.35,719.35,717.5374999999999,0.25196357823036264,,,,,,,XSTOCK,METAXUSD|long|717.90000000|719.35000000,492,eca59683eabd7747,True,2026-10-08 16:00:00+05:30,719.35,721.1625000000001,722.9750000000003,2026-10-08 16:55:00+05:30,717.1787312499999,12,False,False,False,SL,SL,-1.1979413793103144,-1.5257665379309835,0.2758620689654999,1.1034482758619997,,,,2026-10-08 16:55:00+05:30,2026-10-08 16:55:00+05:30,3300.0,,False,,body,0.32782515862066913,-1.5257665379309835,,,1791455100,719.35
2026-10-09 16:00:00+00:00,2026-10-09 21:30:00+05:30,30m,SOXLBUSD,long,0.2,138.27119040000002,136.9,136.9,137.9952,137.9952,137.9952,,0.9920634920634919,,,,,,,XSTOCK,SOXLBUSD|long|136.90000000|137.99520000,504,b113f8e3786cf079,False,,,,,,,0,False,False,False,zone_not_touched,,,,,,,,,,,,,False,,,,,,,1791561600,137.9952
