market,tf,group,alerts,filled,SL,BE,1R,2R,win_1r_%,net_R,R_per_trade
crypto,all,L1 only (live),66,54,18,15,9,8,49,-4.1,-0.084
crypto,all,L2 only,49,36,25,2,2,7,26,-20.0,-0.571
crypto,all,L1 + L2,115,90,43,17,11,15,38,-24.1,-0.287
crypto,4h,L1,55,45,16,13,7,5,43,-8.0,-0.2
crypto,4h,L2,41,29,19,1,2,7,32,-13.3,-0.475
crypto,1d,L1,10,8,2,2,1,3,67,3.9,0.485
crypto,1d,L2,6,5,4,1,0,0,0,-4.6,-0.928
crypto,1w,L1,1,1,0,0,1,0,100,-0.0,-0.007
crypto,1w,L2,1,1,1,0,0,0,0,-1.0,-1.035
crypto,1M,L2,1,1,1,0,0,0,0,-1.0,-1.035
nse,all,L1 only (live),196,157,64,42,17,21,37,-28.4,-0.202
nse,all,L2 only,172,132,79,10,16,26,35,-62.4,-0.476
nse,all,L1 + L2,368,289,143,52,33,47,36,-90.8,-0.334
nse,4h,L1,112,87,36,26,11,12,39,-16.4,-0.197
nse,4h,L2,98,73,41,5,10,16,39,-33.1,-0.459
nse,1d,L1,63,53,22,16,6,9,41,-5.9,-0.113
nse,1d,L2,54,43,26,5,5,7,32,-21.9,-0.509
nse,1w,L1,15,12,5,0,0,0,0,-5.1,-1.026
nse,1w,L2,13,11,9,0,0,2,18,-6.2,-0.561
nse,1M,L1,6,5,1,0,0,0,0,-1.0,-1.007
nse,1M,L2,7,5,3,0,1,1,40,-1.3,-0.251
