alert,market,tf,group,trades,wins_%,net_R,R_per_trade
zone,CRYPTO,all,no filter,539,23.0,-131.3,-0.244
zone,CRYPTO,all,with filter,351,26.0,-52.1,-0.148
zone,CRYPTO,all,blocked by filter,188,17.0,-79.1,-0.421
zone,CRYPTO,30m,no filter,492,24.0,-118.1,-0.24
zone,CRYPTO,30m,with filter,328,27.0,-51.3,-0.156
zone,CRYPTO,30m,blocked by filter,164,18.0,-66.8,-0.407
zone,CRYPTO,4h,no filter,47,19.0,-13.1,-0.28
zone,CRYPTO,4h,with filter,23,26.0,-0.8,-0.035
zone,CRYPTO,4h,blocked by filter,24,12.0,-12.3,-0.514
zone,NSE,all,no filter,1134,15.0,-664.0,-0.586
zone,NSE,all,with filter,373,14.0,-258.6,-0.693
zone,NSE,all,blocked by filter,761,15.0,-405.4,-0.533
zone,NSE,30m,no filter,805,15.0,-551.2,-0.685
zone,NSE,30m,with filter,342,15.0,-247.2,-0.723
zone,NSE,30m,blocked by filter,463,14.0,-304.0,-0.657
zone,NSE,4h,no filter,329,16.0,-112.8,-0.343
zone,NSE,4h,with filter,31,13.0,-11.4,-0.368
zone,NSE,4h,blocked by filter,298,16.0,-101.4,-0.34
zone,XSTOCK,all,no filter,123,23.0,-42.4,-0.345
zone,XSTOCK,all,with filter,63,27.0,-18.5,-0.293
zone,XSTOCK,all,blocked by filter,60,18.0,-24.0,-0.399
zone,XSTOCK,30m,no filter,93,22.0,-36.5,-0.392
zone,XSTOCK,30m,with filter,50,22.0,-21.6,-0.432
zone,XSTOCK,30m,blocked by filter,43,21.0,-14.9,-0.346
zone,XSTOCK,4h,no filter,30,27.0,-6.0,-0.199
zone,XSTOCK,4h,with filter,13,46.0,3.1,0.24
zone,XSTOCK,4h,blocked by filter,17,12.0,-9.1,-0.534
zone,OTHER,all,no filter,46,24.0,-15.9,-0.345
zone,OTHER,all,with filter,18,17.0,-11.1,-0.615
zone,OTHER,all,blocked by filter,28,29.0,-4.8,-0.172
zone,OTHER,30m,no filter,36,19.0,-13.1,-0.363
zone,OTHER,30m,with filter,16,12.0,-10.1,-0.632
zone,OTHER,30m,blocked by filter,20,25.0,-3.0,-0.148
zone,OTHER,4h,no filter,10,40.0,-2.8,-0.282
zone,OTHER,4h,with filter,2,50.0,-1.0,-0.479
zone,OTHER,4h,blocked by filter,8,38.0,-1.9,-0.232
fib,CRYPTO,all,no filter,38,36.0,-11.1,-0.325
fib,CRYPTO,all,with filter,31,33.0,-10.8,-0.399
fib,CRYPTO,all,blocked by filter,7,50.0,-0.3,-0.042
fib,CRYPTO,4h,no filter,32,35.0,-10.0,-0.345
fib,CRYPTO,4h,with filter,26,32.0,-9.7,-0.422
fib,CRYPTO,4h,blocked by filter,6,50.0,-0.3,-0.048
fib,CRYPTO,1d,no filter,6,40.0,-1.1,-0.212
fib,CRYPTO,1d,with filter,5,40.0,-1.1,-0.264
fib,CRYPTO,1d,blocked by filter,1,,-0.0,-0.003
fib,NSE,all,no filter,162,37.0,-28.5,-0.197
fib,NSE,all,with filter,104,40.0,-14.2,-0.139
fib,NSE,all,blocked by filter,58,28.0,-14.3,-0.333
fib,NSE,4h,no filter,87,39.0,-14.4,-0.172
fib,NSE,4h,with filter,64,40.0,-9.7,-0.153
fib,NSE,4h,blocked by filter,23,38.0,-4.8,-0.227
fib,NSE,1d,no filter,56,41.0,-5.9,-0.111
fib,NSE,1d,with filter,36,46.0,-1.5,-0.041
fib,NSE,1d,blocked by filter,20,27.0,-4.4,-0.259
fib,NSE,1w,no filter,13,0.0,-6.2,-1.026
fib,NSE,1w,with filter,3,0.0,-2.0,-1.019
fib,NSE,1w,blocked by filter,10,0.0,-4.1,-1.029
fib,NSE,1M,no filter,6,0.0,-2.0,-1.015
fib,NSE,1M,with filter,1,0.0,-1.0,-1.007
fib,NSE,1M,blocked by filter,5,0.0,-1.0,-1.022
fib,OTHER,all,no filter,8,80.0,2.1,0.259
fib,OTHER,all,with filter,6,75.0,0.1,0.023
fib,OTHER,all,blocked by filter,2,100.0,1.9,0.964
fib,OTHER,4h,no filter,7,75.0,0.1,0.016
fib,OTHER,4h,with filter,6,75.0,0.1,0.023
fib,OTHER,4h,blocked by filter,1,,-0.0,-0.025
fib,OTHER,1d,no filter,1,100.0,2.0,1.954
fib,OTHER,1d,blocked by filter,1,100.0,2.0,1.954
fib,XSTOCK,all,no filter,12,100.0,3.8,0.342
fib,XSTOCK,all,with filter,8,100.0,3.8,0.475
fib,XSTOCK,all,blocked by filter,4,100.0,-0.0,-0.012
fib,XSTOCK,4h,no filter,8,100.0,1.8,0.258
fib,XSTOCK,4h,with filter,6,100.0,1.8,0.305
fib,XSTOCK,4h,blocked by filter,2,100.0,-0.0,-0.022
fib,XSTOCK,1d,no filter,3,100.0,2.0,0.654
fib,XSTOCK,1d,with filter,2,100.0,2.0,0.985
fib,XSTOCK,1d,blocked by filter,1,100.0,-0.0,-0.007
fib,XSTOCK,1w,no filter,1,100.0,-0.0,-0.007
fib,XSTOCK,1w,blocked by filter,1,100.0,-0.0,-0.007
trendline,CRYPTO,all,no filter,444,38.0,-135.3,-0.305
trendline,CRYPTO,all,with filter,211,34.0,-80.8,-0.383
trendline,CRYPTO,all,blocked by filter,233,41.0,-54.5,-0.234
trendline,CRYPTO,4h,no filter,394,39.0,-120.7,-0.306
trendline,CRYPTO,4h,with filter,201,35.0,-79.0,-0.393
trendline,CRYPTO,4h,blocked by filter,193,43.0,-41.7,-0.216
trendline,CRYPTO,1d,no filter,48,30.0,-16.6,-0.346
trendline,CRYPTO,1d,with filter,10,30.0,-1.8,-0.178
trendline,CRYPTO,1d,blocked by filter,38,30.0,-14.8,-0.39
trendline,CRYPTO,1w,no filter,2,100.0,2.0,0.976
trendline,CRYPTO,1w,blocked by filter,2,100.0,2.0,0.976
trendline,NSE,all,no filter,1623,36.0,-505.4,-0.317
trendline,NSE,all,with filter,586,36.0,-177.5,-0.307
trendline,NSE,all,blocked by filter,1037,36.0,-327.8,-0.322
trendline,NSE,4h,no filter,957,33.0,-355.0,-0.375
trendline,NSE,4h,with filter,395,34.0,-139.7,-0.356
trendline,NSE,4h,blocked by filter,562,33.0,-215.3,-0.389
trendline,NSE,1d,no filter,575,41.0,-125.4,-0.221
trendline,NSE,1d,with filter,182,41.0,-36.4,-0.204
trendline,NSE,1d,blocked by filter,393,41.0,-88.9,-0.23
trendline,NSE,1w,no filter,84,32.0,-24.7,-0.321
trendline,NSE,1w,with filter,9,38.0,-1.4,-0.177
trendline,NSE,1w,blocked by filter,75,31.0,-23.3,-0.338
trendline,NSE,1M,no filter,7,43.0,-0.3,-0.041
trendline,NSE,1M,blocked by filter,7,43.0,-0.3,-0.041
trendline,OTHER,all,no filter,33,62.0,3.5,0.114
trendline,OTHER,all,with filter,15,50.0,-0.1,-0.008
trendline,OTHER,all,blocked by filter,18,69.0,3.7,0.203
trendline,OTHER,4h,no filter,32,64.0,4.6,0.155
trendline,OTHER,4h,with filter,15,50.0,-0.1,-0.008
trendline,OTHER,4h,blocked by filter,17,73.0,4.7,0.279
trendline,OTHER,1d,no filter,1,0.0,-1.1,-1.088
trendline,OTHER,1d,blocked by filter,1,0.0,-1.1,-1.088
trendline,XSTOCK,all,no filter,115,40.0,-18.2,-0.161
trendline,XSTOCK,all,with filter,44,28.0,-10.4,-0.236
trendline,XSTOCK,all,blocked by filter,71,47.0,-7.9,-0.114
trendline,XSTOCK,4h,no filter,95,41.0,-12.9,-0.138
trendline,XSTOCK,4h,with filter,39,29.0,-8.0,-0.204
trendline,XSTOCK,4h,blocked by filter,56,49.0,-4.9,-0.09
trendline,XSTOCK,1d,no filter,20,33.0,-5.4,-0.269
trendline,XSTOCK,1d,with filter,5,20.0,-2.4,-0.482
trendline,XSTOCK,1d,blocked by filter,15,38.0,-3.0,-0.199
