market,tf,stop,exit,alerts,filled,wins_%,net_R,R_per_trade,median_risk_%
crypto,all,live,2R+BE,784,597,17,-190.1,-0.318,1.0
crypto,all,live,1.5R,784,597,32,-185.0,-0.31,1.0
crypto,all,live,1.5R+trail,784,597,32,-192.5,-0.322,1.0
crypto,all,live,1.5R+high,784,597,32,-197.1,-0.33,1.0
crypto,all,touch,2R+BE,784,597,18,-114.7,-0.192,2.12
crypto,all,touch,1.5R,784,597,36,-113.5,-0.19,2.12
crypto,all,touch,1.5R+trail,784,597,36,-114.0,-0.191,2.12
crypto,all,touch,1.5R+high,784,597,36,-115.1,-0.193,2.12
crypto,all,nearest,2R+BE,784,597,18,-117.2,-0.196,1.81
crypto,all,nearest,1.5R,784,597,35,-128.0,-0.214,1.81
crypto,all,nearest,1.5R+trail,784,597,35,-125.4,-0.21,1.81
crypto,all,nearest,1.5R+high,784,597,35,-126.9,-0.213,1.81
crypto,all,hybrid,2R+BE,784,597,18,-107.9,-0.181,1.73
crypto,all,hybrid,1.5R,784,597,35,-119.7,-0.201,1.73
crypto,all,hybrid,1.5R+trail,784,597,36,-125.6,-0.21,1.73
crypto,all,hybrid,1.5R+high,784,597,36,-126.5,-0.212,1.73
crypto,4h,live,2R+BE,702,524,16,-161.7,-0.309,1.0
crypto,4h,live,1.5R,702,524,33,-149.5,-0.285,1.0
crypto,4h,live,1.5R+trail,702,524,33,-153.9,-0.294,1.0
crypto,4h,live,1.5R+high,702,524,33,-158.4,-0.302,1.0
crypto,4h,touch,2R+BE,702,524,18,-104.2,-0.199,2.01
crypto,4h,touch,1.5R,702,524,37,-95.0,-0.181,2.01
crypto,4h,touch,1.5R+trail,702,524,37,-92.8,-0.177,2.01
crypto,4h,touch,1.5R+high,702,524,37,-93.9,-0.179,2.01
crypto,4h,nearest,2R+BE,702,524,17,-103.4,-0.197,1.7
crypto,4h,nearest,1.5R,702,524,35,-108.3,-0.207,1.7
crypto,4h,nearest,1.5R+trail,702,524,36,-103.3,-0.197,1.7
crypto,4h,nearest,1.5R+high,702,524,36,-104.6,-0.2,1.7
crypto,4h,hybrid,2R+BE,702,524,18,-96.1,-0.183,1.65
crypto,4h,hybrid,1.5R,702,524,36,-100.0,-0.191,1.65
crypto,4h,hybrid,1.5R+trail,702,524,36,-103.4,-0.197,1.65
crypto,4h,hybrid,1.5R+high,702,524,36,-104.2,-0.199,1.65
crypto,1d,live,2R+BE,80,71,17,-32.4,-0.456,1.5
crypto,1d,live,1.5R,80,71,21,-38.4,-0.541,1.5
crypto,1d,live,1.5R+trail,80,71,21,-41.9,-0.591,1.5
crypto,1d,live,1.5R+high,80,71,21,-42.0,-0.592,1.5
crypto,1d,touch,2R+BE,80,71,23,-10.6,-0.149,3.58
crypto,1d,touch,1.5R,80,71,28,-18.5,-0.261,3.58
crypto,1d,touch,1.5R+trail,80,71,28,-21.3,-0.3,3.58
crypto,1d,touch,1.5R+high,80,71,28,-21.3,-0.301,3.58
crypto,1d,nearest,2R+BE,80,71,21,-13.9,-0.195,4.15
crypto,1d,nearest,1.5R,80,71,28,-19.8,-0.279,4.15
crypto,1d,nearest,1.5R+trail,80,71,28,-22.3,-0.314,4.15
crypto,1d,nearest,1.5R+high,80,71,28,-22.3,-0.315,4.15
crypto,1d,hybrid,2R+BE,80,71,23,-11.9,-0.168,3.52
crypto,1d,hybrid,1.5R,80,71,28,-19.9,-0.28,3.52
crypto,1d,hybrid,1.5R+trail,80,71,28,-22.3,-0.314,3.52
crypto,1d,hybrid,1.5R+high,80,71,28,-22.4,-0.315,3.52
crypto,1w,live,2R+BE,2,2,100,3.9,1.967,2.5
crypto,1w,live,1.5R,2,2,100,2.9,1.467,2.5
crypto,1w,live,1.5R+trail,2,2,100,3.3,1.67,2.5
crypto,1w,live,1.5R+high,2,2,100,3.3,1.67,2.5
crypto,1w,touch,2R+BE,2,2,50,0.1,0.048,220.83
crypto,1w,touch,1.5R,2,2,50,0.1,0.048,220.83
crypto,1w,touch,1.5R+trail,2,2,50,0.1,0.048,220.83
crypto,1w,touch,1.5R+high,2,2,50,0.1,0.048,220.83
crypto,1w,nearest,2R+BE,2,2,50,0.1,0.048,220.83
crypto,1w,nearest,1.5R,2,2,50,0.1,0.048,220.83
crypto,1w,nearest,1.5R+trail,2,2,50,0.1,0.048,220.83
crypto,1w,nearest,1.5R+high,2,2,50,0.1,0.048,220.83
crypto,1w,hybrid,2R+BE,2,2,50,0.1,0.048,220.83
crypto,1w,hybrid,1.5R,2,2,50,0.1,0.048,220.83
crypto,1w,hybrid,1.5R+trail,2,2,50,0.1,0.048,220.83
crypto,1w,hybrid,1.5R+high,2,2,50,0.1,0.048,220.83
nse,all,live,2R+BE,1994,1630,15,-487.8,-0.299,1.0
nse,all,live,1.5R,1994,1630,32,-505.4,-0.31,1.0
nse,all,live,1.5R+trail,1994,1630,32,-440.9,-0.271,1.0
nse,all,live,1.5R+high,1994,1630,32,-459.3,-0.282,1.0
nse,all,touch,2R+BE,1994,1630,17,-357.6,-0.219,2.07
nse,all,touch,1.5R,1994,1630,32,-394.6,-0.242,2.07
nse,all,touch,1.5R+trail,1994,1630,33,-358.1,-0.22,2.07
nse,all,touch,1.5R+high,1994,1630,33,-365.0,-0.224,2.07
nse,all,nearest,2R+BE,1994,1630,16,-399.3,-0.245,1.91
nse,all,nearest,1.5R,1994,1630,32,-422.3,-0.259,1.91
nse,all,nearest,1.5R+trail,1994,1630,32,-392.9,-0.241,1.91
nse,all,nearest,1.5R+high,1994,1630,32,-401.6,-0.246,1.91
nse,all,hybrid,2R+BE,1994,1630,16,-393.9,-0.242,1.85
nse,all,hybrid,1.5R,1994,1630,32,-418.2,-0.257,1.85
nse,all,hybrid,1.5R+trail,1994,1630,32,-384.4,-0.236,1.85
nse,all,hybrid,1.5R+high,1994,1630,32,-397.1,-0.244,1.85
nse,4h,live,2R+BE,1201,957,15,-338.3,-0.354,1.0
nse,4h,live,1.5R,1201,957,31,-343.7,-0.359,1.0
nse,4h,live,1.5R+trail,1201,957,31,-277.3,-0.29,1.0
nse,4h,live,1.5R+high,1201,957,31,-292.6,-0.306,1.0
nse,4h,touch,2R+BE,1201,957,17,-234.4,-0.245,1.53
nse,4h,touch,1.5R,1201,957,33,-244.9,-0.256,1.53
nse,4h,touch,1.5R+trail,1201,957,33,-206.2,-0.216,1.53
nse,4h,touch,1.5R+high,1201,957,33,-215.4,-0.225,1.53
nse,4h,nearest,2R+BE,1201,957,16,-267.7,-0.28,1.44
nse,4h,nearest,1.5R,1201,957,32,-272.9,-0.285,1.44
nse,4h,nearest,1.5R+trail,1201,957,32,-243.4,-0.254,1.44
nse,4h,nearest,1.5R+high,1201,957,32,-249.0,-0.26,1.44
nse,4h,hybrid,2R+BE,1201,957,16,-263.1,-0.275,1.42
nse,4h,hybrid,1.5R,1201,957,32,-266.4,-0.278,1.42
nse,4h,hybrid,1.5R+trail,1201,957,33,-234.2,-0.245,1.42
nse,4h,hybrid,1.5R+high,1201,957,33,-243.8,-0.255,1.42
nse,1d,live,2R+BE,678,577,15,-126.2,-0.219,1.5
nse,1d,live,1.5R,678,577,34,-139.6,-0.242,1.5
nse,1d,live,1.5R+trail,678,577,34,-134.5,-0.233,1.5
nse,1d,live,1.5R+high,678,577,34,-137.2,-0.238,1.5
nse,1d,touch,2R+BE,678,577,17,-108.7,-0.188,2.49
nse,1d,touch,1.5R,678,577,31,-140.5,-0.244,2.49
nse,1d,touch,1.5R+trail,678,577,31,-138.2,-0.239,2.49
nse,1d,touch,1.5R+high,678,577,31,-136.2,-0.236,2.49
nse,1d,nearest,2R+BE,678,577,16,-115.2,-0.2,2.46
nse,1d,nearest,1.5R,678,577,31,-139.1,-0.241,2.46
nse,1d,nearest,1.5R+trail,678,577,31,-135.1,-0.234,2.46
nse,1d,nearest,1.5R+high,678,577,31,-138.4,-0.24,2.46
nse,1d,hybrid,2R+BE,678,577,16,-116.0,-0.201,2.31
nse,1d,hybrid,1.5R,678,577,31,-142.4,-0.247,2.31
nse,1d,hybrid,1.5R+trail,678,577,31,-137.0,-0.237,2.31
nse,1d,hybrid,1.5R+high,678,577,31,-140.3,-0.243,2.31
nse,1w,live,2R+BE,107,88,22,-23.0,-0.262,2.5
nse,1w,live,1.5R,107,88,35,-19.8,-0.225,2.5
nse,1w,live,1.5R+trail,107,88,35,-27.2,-0.309,2.5
nse,1w,live,1.5R+high,107,88,35,-27.5,-0.313,2.5
nse,1w,touch,2R+BE,107,88,19,-14.4,-0.163,5.93
nse,1w,touch,1.5R,107,88,33,-9.1,-0.103,5.93
nse,1w,touch,1.5R+trail,107,88,33,-13.5,-0.154,5.93
nse,1w,touch,1.5R+high,107,88,33,-13.3,-0.151,5.93
nse,1w,nearest,2R+BE,107,88,19,-15.9,-0.181,5.96
nse,1w,nearest,1.5R,107,88,33,-10.4,-0.118,5.96
nse,1w,nearest,1.5R+trail,107,88,33,-14.5,-0.164,5.96
nse,1w,nearest,1.5R+high,107,88,33,-14.2,-0.162,5.96
nse,1w,hybrid,2R+BE,107,88,19,-14.5,-0.164,5.75
nse,1w,hybrid,1.5R,107,88,33,-9.4,-0.107,5.75
nse,1w,hybrid,1.5R+trail,107,88,33,-13.4,-0.152,5.75
nse,1w,hybrid,1.5R+high,107,88,33,-13.1,-0.149,5.75
nse,1M,live,2R+BE,8,8,25,-0.3,-0.034,3.0
nse,1M,live,1.5R,8,8,25,-2.3,-0.289,3.0
nse,1M,live,1.5R+trail,8,8,25,-1.9,-0.239,3.0
nse,1M,live,1.5R+high,8,8,25,-1.9,-0.239,3.0
nse,1M,touch,2R+BE,8,8,50,-0.1,-0.014,38.74
nse,1M,touch,1.5R,8,8,50,-0.1,-0.014,38.74
nse,1M,touch,1.5R+trail,8,8,50,-0.1,-0.014,38.74
nse,1M,touch,1.5R+high,8,8,50,-0.1,-0.014,38.74
nse,1M,nearest,2R+BE,8,8,38,-0.4,-0.052,38.74
nse,1M,nearest,1.5R,8,8,50,0.1,0.008,38.74
nse,1M,nearest,1.5R+trail,8,8,50,0.1,0.008,38.74
nse,1M,nearest,1.5R+high,8,8,50,0.1,0.008,38.74
nse,1M,hybrid,2R+BE,8,8,38,-0.4,-0.052,38.74
nse,1M,hybrid,1.5R,8,8,50,0.1,0.008,38.74
nse,1M,hybrid,1.5R+trail,8,8,50,0.1,0.008,38.74
nse,1M,hybrid,1.5R+high,8,8,50,0.1,0.008,38.74
